,Flying,Storm,Darkness,Heights,Spiders,Snakes,Rats,Ageing,Dangerous dogs,Fear of public speaking,Age,Height,Weight,Number of siblings,Gender_female,Gender_male,Left - right handed_left handed,Left - right handed_right handed,Education_college/bachelor degree,Education_currently a primary school pupil,Education_doctorate degree,Education_masters degree,Education_primary school,Education_secondary school,Only child_no,Only child_yes,Village - town_city,Village - town_village,House - block of flats_block of flats,House - block of flats_house/bungalow,cluster_label
0,1.0,1.0,1.0,1.0,1.0,5,3.0,1.0,3.0,2.0,20.0,163.0,48.0,1.0,1,0,0,1,1,0,0,0,0,0,1,0,0,1,1,0,6
1,1.0,1.0,1.0,2.0,1.0,1,1.0,3.0,1.0,4.0,19.0,163.0,58.0,2.0,1,0,0,1,1,0,0,0,0,0,1,0,1,0,1,0,2
2,1.0,1.0,1.0,1.0,1.0,1,1.0,1.0,1.0,2.0,20.0,176.0,67.0,2.0,1,0,0,1,0,0,0,0,0,1,1,0,1,0,1,0,5
3,1.0,2.0,1.0,1.0,1.0,1,2.0,2.0,4.0,3.0,20.0,170.0,59.0,1.0,1,0,0,1,0,0,0,0,0,1,1,0,0,1,0,1,2
4,3.0,2.0,2.0,2.0,1.0,2,2.0,1.0,1.0,3.0,20.0,186.0,77.0,1.0,0,1,0,1,0,0,0,0,0,1,1,0,1,0,1,0,4
5,1.0,3.0,2.0,1.0,1.0,5,1.0,4.0,1.0,1.0,20.0,177.0,50.0,1.0,1,0,0,1,0,0,0,0,0,1,1,0,0,1,0,1,2
6,3.0,2.0,4.0,3.0,1.0,5,3.0,1.0,2.0,4.0,19.0,184.0,90.0,1.0,0,1,0,1,1,0,0,0,0,0,1,0,1,0,0,1,0
7,4.0,5.0,4.0,5.0,3.0,4,4.0,3.0,5.0,3.0,19.0,174.0,60.0,3.0,1,0,0,1,0,0,0,0,0,1,1,0,1,0,1,0,5
8,1.0,1.0,2.0,2.0,2.0,1,1.0,1.0,4.0,2.0,19.0,175.0,60.0,2.0,1,0,1,0,0,0,0,0,0,1,1,0,1,0,1,0,5
9,4.0,1.0,1.0,3.0,5.0,5,5.0,5.0,5.0,5.0,17.0,176.0,60.0,1.0,1,0,0,1,0,0,0,0,1,0,1,0,1,0,1,0,5
10,1.0,1.0,1.0,1.0,1.0,3,1.0,5.0,2.0,2.0,24.0,168.0,55.0,10.0,1,0,0,1,1,0,0,0,0,0,1,0,1,0,1,0,2
11,2.0,3.0,3.0,4.0,3.0,4,3.0,2.0,1.0,3.0,19.0,165.0,55.0,1.0,1,0,0,1,0,0,0,0,0,1,1,0,1,0,1,0,2
12,5.0,5.0,3.0,3.0,2.0,5,1.0,5.0,5.0,3.0,22.0,175.0,57.0,1.0,1,0,0,1,1,0,0,0,0,0,1,0,1,0,1,0,5
13,1.0,3.0,5.0,4.0,5.0,3,1.0,2.0,5.0,4.0,19.0,175.0,65.0,2.0,1,0,0,1,1,0,0,0,0,0,1,0,1,0,1,0,5
14,1.0,1.0,1.0,1.0,1.0,1,1.0,1.0,1.0,2.0,18.0,181.0,78.0,2.0,0,1,0,1,0,0,0,0,0,1,1,0,1,0,0,1,4
15,3.0,2.0,2.0,4.0,4.0,2,2.0,2.0,2.0,3.0,18.0,188.0,90.0,1.0,0,1,1,0,0,0,0,0,0,1,1,0,1,0,0,1,0
16,2.0,2.0,2.0,2.0,2.0,2,2.0,1.0,1.0,2.0,20.0,186.0,77.0,1.0,0,1,0,1,0,0,0,0,0,1,1,0,1,0,1,0,4
17,1.0,1.0,1.0,1.0,1.0,1,1.0,1.0,1.0,1.0,24.0,186.0,85.0,1.0,0,1,1,0,0,0,0,0,0,1,1,0,1,0,1,0,0
18,2.0,4.0,5.0,3.0,3.0,3,2.0,3.0,3.0,3.0,20.0,168.0,54.0,3.0,1,0,0,1,0,0,0,0,0,1,1,0,1,0,1,0,2
19,1.0,1.0,2.0,1.0,5.0,5,4.0,5.0,5.0,5.0,19.0,167.0,51.0,1.0,1,0,0,1,0,0,0,0,0,1,1,0,1,0,1,0,2
20,3.0,2.0,2.0,3.0,5.0,2,1.0,4.0,4.0,2.0,20.0,170.0,56.0,1.0,1,0,0,1,0,0,0,0,0,1,0,1,1,0,1,0,2
21,1.0,1.0,1.0,1.0,1.0,2,1.0,2.0,2.0,3.0,22.0,165.0,63.0,1.0,1,0,1,0,1,0,0,0,0,0,1,0,1,0,0,1,1
22,1.0,1.0,2.0,4.0,4.0,4,3.0,4.0,1.0,2.0,20.0,187.0,80.0,2.0,0,1,1,0,0,0,0,0,0,1,0,1,0,1,0,1,0
23,3.0,3.0,4.0,5.0,5.0,5,5.0,5.0,5.0,3.0,19.0,168.0,60.0,2.0,1,0,0,1,0,0,0,0,0,1,1,0,0,1,1,0,2
24,1.0,1.0,1.0,3.0,5.0,3,3.0,4.0,3.0,4.0,25.0,183.0,87.0,1.0,0,1,0,1,0,0,0,0,0,1,1,0,1,0,1,0,0
25,1.0,1.0,1.0,1.0,2.0,5,3.0,1.0,3.0,2.0,22.0,177.0,80.0,1.0,1,0,0,1,0,0,0,0,0,1,1,0,1,0,1,0,4
26,3.0,5.0,5.0,5.0,5.0,5,5.0,1.0,5.0,2.0,20.0,158.0,46.0,4.0,1,0,1,0,0,0,0,0,0,1,1,0,1,0,1,0,6
27,1.0,5.0,2.0,4.0,4.0,5,3.0,1.0,2.0,4.0,27.0,170.0,70.0,1.0,1,0,0,1,0,0,0,1,0,0,1,0,1,0,1,0,1
28,1.0,2.0,2.0,1.0,2.0,2,2.0,1.0,2.0,3.0,20.0,177.0,67.0,5.0,0,1,0,1,1,0,0,0,0,0,1,0,1,0,1,0,5
29,3.0,5.0,3.0,3.0,4.0,5,4.0,5.0,5.0,1.0,19.0,170.0,72.0,1.0,1,0,0,1,0,0,0,0,0,1,1,0,0,1,0,1,1
30,3.0,1.0,4.0,3.0,5.0,4,1.0,3.0,2.0,5.0,18.0,173.0,65.0,1.0,1,0,0,1,0,0,0,0,0,1,1,0,1,0,1,0,5
31,3.0,4.0,2.0,4.0,5.0,1,1.0,1.0,3.0,2.0,23.0,168.0,60.0,1.0,1,0,0,1,0,0,0,0,0,1,1,0,0,1,0,1,2
32,3.0,3.0,2.0,2.0,5.0,5,5.0,3.0,4.0,4.0,21.0,155.0,46.0,1.0,1,0,0,1,0,0,0,0,0,1,1,0,1,0,0,1,6
33,1.0,3.0,5.0,3.0,5.0,2,5.0,3.0,5.0,3.0,26.0,172.0,62.0,1.0,1,0,0,1,0,0,0,0,0,1,1,0,1,0,1,0,5
34,2.0,1.0,1.0,1.0,1.0,1,1.0,1.0,1.0,2.0,20.0,188.0,80.0,3.0,0,1,0,1,1,0,0,0,0,0,1,0,1,0,1,0,0
35,1.0,1.0,3.0,1.0,5.0,1,1.0,1.0,3.0,5.0,19.0,170.0,90.0,0.0,1,0,0,1,0,0,0,0,0,1,0,1,1,0,1,0,0
36,1.0,3.0,4.0,5.0,5.0,5,3.0,2.0,4.0,1.0,20.0,163.0,55.0,1.0,1,0,0,1,1,0,0,0,0,0,1,0,1,0,1,0,6
37,3.0,2.0,4.0,5.0,5.0,5,3.0,3.0,5.0,3.0,25.0,170.0,67.0,1.0,1,0,0,1,0,0,0,1,0,0,1,0,0,1,1,0,1
38,3.0,1.0,2.0,2.0,2.0,3,3.0,5.0,3.0,1.0,20.0,171.0,70.0,1.0,1,0,0,1,0,0,0,0,0,1,0,1,0,1,0,1,1
39,3.0,1.0,5.0,4.0,5.0,3,2.0,3.0,2.0,5.0,20.0,157.0,41.0,1.0,1,0,0,1,0,0,0,0,1,0,1,0,1,0,1,0,6
40,1.0,2.0,1.0,2.0,2.0,2,4.0,2.0,5.0,4.0,19.0,175.0,60.0,2.0,1,0,0,1,1,0,0,0,0,0,1,0,1,0,1,0,5
41,3.0,3.0,5.0,4.0,5.0,5,4.0,3.0,1.0,3.0,21.0,160.0,58.0,2.0,1,0,0,1,0,0,0,0,0,1,1,0,0,1,1,0,6
42,3.0,1.0,1.0,1.0,5.0,1,3.0,1.0,3.0,5.0,18.0,164.0,51.0,4.0,1,0,0,1,0,0,0,0,0,1,1,0,1,0,1,0,6
43,3.0,2.0,5.0,5.0,3.0,5,4.0,1.0,5.0,2.0,21.0,160.0,57.0,2.0,1,0,0,1,1,0,0,0,0,0,1,0,1,0,1,0,6
44,2.0,2.0,5.0,3.0,5.0,5,5.0,3.0,5.0,4.0,23.0,165.0,45.0,1.0,1,0,0,1,1,0,0,0,0,0,1,0,0,1,0,1,6
45,2.0,2.0,2.0,2.0,5.0,3,3.0,4.0,4.0,5.0,21.0,157.0,45.0,1.0,1,0,0,1,0,0,0,0,0,1,1,0,1,0,1,0,6
46,5.0,1.0,1.0,4.0,2.0,3,1.0,1.0,2.0,5.0,22.0,178.0,74.0,1.0,0,1,0,1,1,0,0,0,0,0,1,0,1,0,1,0,4
47,1.0,1.0,1.0,2.0,2.0,3,2.0,2.0,3.0,5.0,23.0,175.0,72.0,1.0,0,1,0,1,1,0,0,0,0,0,1,0,1,0,1,0,4
48,1.0,1.0,1.0,3.0,3.0,4,4.0,4.0,4.0,2.0,23.0,165.0,56.0,1.0,0,1,1,0,0,0,0,0,0,1,1,0,1,0,1,0,2
49,5.0,5.0,5.0,5.0,5.0,5,5.0,5.0,5.0,4.0,23.0,189.0,81.0,2.0,0,1,0,1,0,0,0,0,0,1,1,0,1,0,1,0,0
50,1.0,2.0,5.0,3.0,5.0,1,3.0,5.0,4.0,3.0,18.0,180.0,52.0,0.0,1,0,0,1,0,0,0,0,1,0,0,1,1,0,1,0,5
51,1.0,1.0,2.0,2.0,1.0,2,1.0,4.0,2.0,4.0,17.0,185.0,84.0,1.0,0,1,1,0,0,0,0,0,1,0,0,1,1,0,1,0,0
52,3.0,2.0,3.0,5.0,1.0,3,2.0,1.0,1.0,3.0,20.0,183.0,83.0,1.0,0,1,0,1,0,0,0,0,0,1,1,0,0,1,0,1,0
53,1.0,1.0,2.0,4.0,1.0,3,2.0,2.0,5.0,2.0,24.0,160.0,58.0,0.0,1,0,0,1,1,0,0,0,0,0,0,1,0,1,0,1,6
54,3.0,5.0,2.0,2.0,4.0,5,3.0,1.0,3.0,5.0,18.0,162.0,50.0,1.0,1,0,0,1,1,0,0,0,0,0,1,0,0,1,0,1,6
55,2.0,2.0,2.0,2.0,4.0,3,3.0,3.0,4.0,3.0,17.0,185.0,82.0,1.0,0,1,0,1,0,0,0,0,0,1,0,1,1,0,0,1,0
56,1.0,1.0,1.0,4.0,3.0,4,3.0,5.0,5.0,1.0,20.0,175.0,83.0,1.0,0,1,1,0,0,0,0,0,0,1,0,1,1,0,1,0,4
57,5.0,2.0,1.0,3.0,3.0,3,3.0,5.0,3.0,5.0,21.0,177.0,80.0,1.0,0,1,0,1,0,0,0,0,0,1,0,1,1,0,0,1,4
58,5.0,5.0,1.0,4.0,3.0,4,3.0,3.0,5.0,2.0,22.0,190.0,80.0,1.0,0,1,0,1,0,0,0,1,0,0,1,0,1,0,1,0,0
59,2.0,1.0,2.0,5.0,1.0,2,1.0,1.0,2.0,1.0,20.0,192.0,77.0,1.0,0,1,0,1,0,0,0,0,0,1,1,0,0,1,0,1,0
60,1.0,1.0,1.0,3.0,5.0,5,2.0,2.0,5.0,3.0,21.0,175.0,60.0,1.0,1,0,0,1,0,0,0,0,0,1,1,0,1,0,1,0,5
61,2.0,3.0,2.0,4.0,5.0,5,5.0,2.0,3.0,4.0,21.0,173.0,63.0,2.0,1,0,0,1,0,0,0,0,0,1,1,0,1,0,0,1,5
62,2.0,1.0,4.0,2.0,3.0,4,3.0,1.0,3.0,4.0,19.0,163.0,48.0,1.0,1,0,0,1,0,0,0,0,0,1,1,0,1,0,1,0,6
63,1.0,1.0,2.0,2.0,1.0,1,1.0,1.0,4.0,1.0,22.0,177.0,80.0,1.0,0,1,0,1,0,0,0,0,0,1,1,0,1,0,1,0,4
64,2.0,1.0,5.0,2.0,3.0,4,1.0,1.0,3.0,5.0,18.0,163.0,47.0,1.0,1,0,0,1,0,0,0,0,0,1,1,0,1,0,1,0,6
65,2.0,3.0,4.0,5.0,2.0,4,4.0,1.0,4.0,3.0,22.0,159.0,53.0,2.0,0,1,0,1,1,0,0,0,0,0,1,0,1,0,1,0,6
66,4.0,4.0,4.0,4.0,2.0,2,3.0,3.0,1.0,5.0,24.0,179.0,65.0,3.0,0,1,0,1,0,0,0,1,0,0,1,0,1,0,1,0,5
67,5.0,2.0,2.0,4.0,5.0,1,2.0,1.0,5.0,5.0,21.0,164.0,75.0,0.0,1,0,0,1,0,0,0,0,0,1,0,1,1,0,1,0,1
68,3.0,3.0,2.0,3.0,2.0,3,5.0,4.0,5.0,3.0,22.0,156.0,50.0,2.0,1,0,0,1,0,0,0,1,0,0,1,0,0,1,0,1,6
69,2.0,3.0,1.0,3.0,5.0,3,1.0,5.0,4.0,3.0,19.0,154.0,58.0,3.0,1,0,0,1,0,0,0,0,0,1,1,0,0,1,0,1,6
70,2.0,1.0,2.0,1.0,1.0,2,1.0,1.0,2.0,2.0,19.0,170.0,63.0,0.0,1,0,0,1,1,0,0,0,0,0,0,1,1,0,1,0,1
71,1.0,2.0,2.0,1.0,4.0,4,4.0,4.0,5.0,2.0,21.0,180.0,75.0,1.0,0,1,0,1,1,0,0,0,0,0,1,0,1,0,0,1,4
72,1.0,1.0,1.0,2.0,4.0,1,1.0,1.0,5.0,5.0,19.0,182.0,81.0,1.0,0,1,0,1,1,0,0,0,0,0,1,0,1,0,1,0,4
73,1.0,1.0,2.0,3.0,2.0,4,1.0,1.0,1.0,2.0,19.0,200.0,75.0,1.0,0,1,0,1,0,0,0,0,1,0,1,0,0,1,1,0,0
74,1.0,1.0,1.0,3.0,5.0,1,1.0,3.0,3.0,1.0,22.0,187.0,70.0,1.0,0,1,0,1,0,0,0,0,0,1,1,0,0,1,0,1,4
75,2.0,2.0,3.0,3.0,5.0,2,1.0,2.0,2.0,4.0,18.0,162.0,50.0,1.0,1,0,1,0,0,0,0,0,0,1,1,0,1,0,0,1,6
76,3.0,4.0,3.0,5.0,4.0,3,3.0,1.0,5.0,3.0,21.0,172.0,71.0,1.0,1,0,0,1,0,0,0,0,0,1,1,0,1,0,1,0,1
77,2.0,1.0,1.0,2.0,5.0,5,3.0,1.0,3.0,3.0,18.0,194.0,90.0,1.0,0,1,0,1,0,0,0,0,0,1,1,0,0,1,0,1,0
78,1.0,1.0,1.0,3.0,1.0,1,1.0,1.0,1.0,1.0,21.0,180.0,70.0,1.0,0,1,0,1,0,0,0,0,0,1,1,0,0,1,1,0,4
79,1.0,2.0,1.0,2.0,1.0,4,2.0,1.0,2.0,2.0,24.0,178.0,74.0,1.0,0,1,0,1,1,0,0,0,0,0,1,0,0,1,0,1,4
80,2.0,1.0,1.0,1.0,2.0,2,2.0,3.0,2.0,3.0,19.0,182.0,80.0,1.0,0,1,0,1,0,0,0,0,0,1,1,0,1,0,1,0,4
81,1.0,1.0,2.0,4.0,5.0,3,2.0,5.0,4.0,2.0,17.0,168.0,61.0,1.0,1,0,0,1,0,0,0,0,1,0,1,0,1,0,1,0,2
82,3.0,1.0,3.0,2.0,1.0,4,4.0,1.0,3.0,4.0,18.0,176.0,65.0,0.0,0,1,0,1,0,0,0,0,0,1,0,1,1,0,1,0,5
83,1.0,1.0,2.0,4.0,4.0,4,1.0,2.0,1.0,2.0,21.0,185.0,70.0,1.0,0,1,0,1,1,0,0,0,0,0,1,0,1,0,0,1,4
84,2.0,2.0,2.0,3.0,5.0,4,5.0,1.0,5.0,5.0,22.0,166.0,56.0,1.0,1,0,0,1,1,0,0,0,0,0,1,0,0,1,0,1,2
85,2.0,4.0,3.0,1.0,4.0,4,1.0,2.0,3.0,3.0,20.0,163.0,54.0,1.0,1,0,1,0,0,0,0,0,0,1,1,0,1,0,1,0,6
86,1.0,1.0,2.0,2.0,5.0,5,1.0,3.0,5.0,5.0,19.0,163.0,54.0,1.0,1,0,0,1,0,0,0,0,0,1,1,0,1,0,0,1,6
87,4.0,2.0,5.0,5.0,5.0,5,1.0,3.0,5.0,4.0,21.0,169.0,61.0,1.0,1,0,0,1,1,0,0,0,0,0,1,0,1,0,1,0,2
88,3.0,1.0,2.0,4.0,3.0,5,3.0,2.0,2.0,4.0,18.0,165.0,55.0,3.0,1,0,0,1,0,0,0,0,0,1,1,0,0,1,0,1,2
89,2.0,1.0,1.0,1.0,2.0,1,1.0,2.0,1.0,3.0,23.0,175.0,60.0,1.0,0,1,0,1,1,0,0,0,0,0,1,0,1,0,1,0,5
90,4.0,2.0,1.0,2.0,2.0,4,1.0,1.0,2.0,3.0,16.0,161.0,54.0,1.0,1,0,0,1,0,0,0,0,0,1,1,0,0,1,0,1,6
91,1.0,1.0,2.0,1.0,1.0,4,4.0,1.0,1.0,2.0,23.0,188.0,90.0,0.0,0,1,0,1,1,0,0,0,0,0,0,1,1,0,1,0,0
92,1.0,1.0,1.0,2.0,1.0,2,3.0,2.0,3.0,3.0,21.0,180.0,85.0,2.0,0,1,0,1,0,0,0,0,0,1,1,0,1,0,1,0,0
93,4.0,2.0,1.0,2.0,2.0,4,3.0,2.0,2.0,2.0,23.0,156.0,56.0,0.0,1,0,0,1,0,0,0,1,0,0,0,1,1,0,0,1,6
94,2.0,2.0,1.0,1.0,1.0,1,1.0,3.0,2.0,4.0,20.0,172.0,80.0,0.0,1,0,1,0,0,0,0,0,0,1,0,1,0,1,0,1,4
95,3.0,2.0,2.0,2.0,4.0,3,2.0,4.0,4.0,3.0,20.0,157.0,54.0,1.0,1,0,0,1,0,0,0,0,0,1,1,0,1,0,1,0,6
96,4.0,3.0,5.0,4.0,1.0,4,4.0,4.0,5.0,3.0,20.0,163.0,56.0,2.0,1,0,0,1,0,0,0,0,0,1,1,0,0,1,0,1,2
97,1.0,2.0,2.0,2.0,2.0,2,2.0,4.0,2.0,2.0,19.0,177.0,64.0,1.0,1,0,0,1,0,0,0,0,1,0,1,0,1,0,1,0,5
98,1.0,1.0,1.0,3.0,1.0,1,1.0,5.0,5.0,5.0,15.0,173.0,49.0,3.0,1,0,1,0,0,0,0,0,1,0,1,0,1,0,0,1,2
99,2.0,4.0,4.0,2.0,2.0,1,2.0,3.0,1.0,3.0,20.0,178.0,75.0,1.0,1,0,0,1,0,0,0,0,0,1,1,0,0,1,0,1,4
100,1.0,2.0,3.0,4.0,2.0,2,3.0,1.0,4.0,2.0,18.0,193.0,103.0,2.0,0,1,0,1,0,0,0,0,1,0,0,1,0,1,0,1,3
101,1.0,1.0,2.0,1.0,5.0,3,5.0,3.0,1.0,4.0,15.0,170.0,51.0,1.0,1,0,0,1,0,0,0,0,1,0,1,0,0,1,0,1,2
102,3.0,3.0,5.0,4.0,4.0,4,2.0,2.0,3.0,2.0,20.0,170.0,50.0,2.0,1,0,0,1,1,0,0,0,0,0,1,0,1,0,0,1,2
103,3.0,3.0,3.0,3.0,5.0,3,1.0,5.0,5.0,5.0,16.0,170.0,59.0,1.0,1,0,0,1,0,0,0,0,0,1,0,1,0,1,0,1,2
104,4.0,4.0,5.0,5.0,5.0,2,1.0,3.0,1.0,1.0,18.0,185.0,62.0,1.0,0,1,0,1,0,0,0,0,0,1,1,0,0,1,1,0,5
105,1.0,1.0,2.0,4.0,5.0,3,1.0,1.0,3.0,2.0,21.0,185.0,90.0,1.0,0,1,0,1,0,0,0,0,0,1,1,0,0,1,0,1,0
106,4.0,4.0,4.0,4.0,3.0,5,5.0,4.0,5.0,2.0,19.0,168.0,53.0,1.0,1,0,0,1,1,0,0,0,0,0,1,0,0,1,1,0,2
107,1.0,2.0,4.0,5.0,1.0,3,1.0,5.0,3.0,1.0,19.0,170.0,65.0,1.0,1,0,0,1,0,0,0,0,1,0,0,1,1,0,1,0,1
108,1.0,1.0,1.0,2.0,2.0,2,2.0,3.0,3.0,4.0,18.0,185.0,83.0,2.0,0,1,0,1,0,0,0,0,0,1,1,0,1,0,1,0,0
109,1.0,2.0,2.0,3.0,2.0,3,2.0,2.0,4.0,3.0,20.0,165.0,55.0,3.0,0,1,0,1,0,0,0,0,0,1,1,0,0,1,0,1,2
110,2.0,1.0,2.0,1.0,5.0,2,1.0,3.0,3.0,3.0,22.0,177.0,61.0,1.0,1,0,0,1,0,0,0,0,0,1,1,0,1,0,1,0,5
111,3.0,2.0,1.0,4.0,3.0,3,4.0,2.0,2.0,4.0,20.0,180.0,100.0,1.0,0,1,0,1,0,0,0,0,0,1,1,0,1,0,1,0,0
112,5.0,1.0,3.0,3.0,2.0,3,3.0,5.0,4.0,1.0,25.0,170.0,72.0,2.0,0,1,0,1,1,0,0,0,0,0,1,0,1,0,1,0,1
113,1.0,1.0,2.0,2.0,5.0,3,2.0,3.0,1.0,3.0,24.0,185.0,81.0,1.0,0,1,0,1,1,0,0,0,0,0,1,0,1,0,1,0,0
114,1.0,1.0,5.0,1.0,2.0,1,5.0,3.0,1.0,3.0,19.0,171.0,72.0,1.0,1,0,0,1,0,0,0,0,0,1,1,0,1,0,1,0,1
115,1.0,1.0,1.0,5.0,1.0,1,1.0,1.0,5.0,2.0,25.0,177.0,97.0,1.0,0,1,1,0,0,0,1,0,0,0,0,1,1,0,1,0,0
116,1.0,1.0,1.0,1.0,2.0,2,2.0,2.0,5.0,2.0,26.0,175.0,60.0,2.0,0,1,0,1,0,0,0,1,0,0,1,0,0,1,0,1,5
117,3.0,3.0,2.0,1.0,5.0,2,2.0,3.0,5.0,4.0,15.0,160.0,48.0,2.0,1,0,0,1,0,1,0,0,0,0,1,0,0,1,1,0,6
118,1.0,1.0,1.0,2.0,1.0,1,1.0,1.0,1.0,2.0,19.0,194.0,79.0,1.0,0,1,0,1,0,0,0,0,0,1,1,0,1,0,1,0,0
119,1.0,2.0,1.0,1.0,4.0,1,1.0,5.0,1.0,3.0,20.0,172.0,73.0,2.0,1,0,1,0,0,0,0,0,0,1,0,1,1,0,0,1,1
120,3.0,3.0,2.0,4.0,4.0,3,2.0,2.0,3.0,4.0,22.0,184.0,71.0,1.0,0,1,0,1,0,0,0,0,0,1,1,0,1,0,1,0,4
121,3.0,2.0,2.0,4.0,4.0,4,5.0,4.0,4.0,4.0,20.0,168.0,60.0,1.0,1,0,0,1,1,0,0,0,0,0,0,1,1,0,1,0,2
122,1.0,1.0,2.0,2.0,4.0,1,1.0,3.0,2.0,1.0,21.0,161.0,65.0,1.0,1,0,0,1,0,0,0,0,0,1,1,0,1,0,1,0,1
123,1.0,1.0,1.0,1.0,1.0,1,1.0,2.0,2.0,1.0,20.0,180.0,71.0,0.0,1,0,0,1,0,0,0,0,0,1,0,1,1,0,1,0,4
124,1.0,2.0,1.0,1.0,5.0,3,1.0,1.0,1.0,3.0,19.0,157.0,57.0,2.0,1,0,0,1,0,0,0,0,0,1,0,1,0,1,0,1,6
125,1.0,1.0,1.0,1.0,1.0,1,1.0,3.0,1.0,1.0,20.0,180.0,72.0,0.0,0,1,0,1,0,0,0,0,0,1,0,1,1,0,1,0,4
126,3.0,1.0,3.0,2.0,1.0,1,1.0,4.0,4.0,5.0,22.0,191.0,85.0,1.0,0,1,0,1,0,0,0,0,0,1,1,0,0,1,0,1,0
127,1.0,1.0,2.0,3.0,2.0,4,3.0,2.0,1.0,4.0,21.0,187.0,75.0,1.0,0,1,0,1,0,0,0,0,0,1,1,0,1,0,1,0,4
128,2.0,1.0,4.0,1.0,3.0,5,1.0,4.0,2.0,3.0,17.0,163.0,61.0,2.0,1,0,0,1,0,0,0,0,1,0,0,1,1,0,1,0,2
129,2.0,2.0,2.0,4.0,2.0,1,1.0,5.0,3.0,3.0,20.0,160.0,50.0,1.0,1,0,0,1,0,0,0,1,0,0,1,0,1,0,1,0,6
130,2.0,2.0,4.0,2.0,5.0,1,1.0,3.0,5.0,2.0,22.0,182.0,75.0,1.0,0,1,0,1,0,0,0,0,0,1,1,0,1,0,1,0,4
131,2.0,3.0,2.0,1.0,5.0,4,2.0,1.0,2.0,3.0,19.0,158.0,47.0,0.0,1,0,0,1,0,0,0,0,0,1,0,1,1,0,0,1,6
132,3.0,5.0,1.0,3.0,2.0,5,2.0,4.0,5.0,3.0,21.0,174.0,85.0,0.0,1,0,0,1,1,0,0,0,0,0,0,1,1,0,0,1,4
133,1.0,5.0,1.0,1.0,3.0,5,3.0,3.0,4.0,2.0,19.0,167.0,55.0,2.0,1,0,0,1,0,0,0,0,0,1,1,0,1,0,1,0,2
134,2.0,1.0,1.0,1.0,1.0,1,1.0,1.0,4.0,3.0,22.0,183.0,80.0,1.0,1,0,0,1,1,0,0,0,0,0,1,0,1,0,1,0,4
135,1.0,1.0,2.0,2.0,3.0,3,2.0,2.0,2.0,5.0,17.0,166.0,54.0,1.0,1,0,0,1,0,0,0,0,1,0,1,0,1,0,1,0,2
136,2.0,2.0,2.0,2.0,5.0,1,2.0,3.0,2.0,3.0,16.0,158.0,48.0,1.0,1,0,1,0,0,0,0,0,1,0,1,0,1,0,1,0,6
137,2.0,1.0,2.0,1.0,5.0,1,1.0,4.0,1.0,3.0,18.0,158.0,65.0,2.0,1,0,0,1,0,0,0,0,0,1,1,0,1,0,1,0,1
138,3.0,1.0,2.0,2.0,1.0,2,4.0,3.0,1.0,3.0,26.0,169.0,70.0,2.0,0,1,0,1,0,0,0,1,0,0,1,0,1,0,0,1,1
139,2.0,1.0,1.0,2.0,3.0,3,4.0,2.0,3.0,1.0,19.0,183.0,78.0,1.0,0,1,0,1,0,0,0,0,0,1,1,0,1,0,0,1,4
140,1.0,2.0,3.0,4.0,5.0,5,1.0,3.0,5.0,3.0,19.0,185.0,70.0,1.0,0,1,0,1,0,0,0,0,0,1,0,1,1,0,0,1,4
141,2.0,2.0,3.0,2.0,4.0,5,4.0,2.0,4.0,3.0,20.0,169.0,64.0,0.0,1,0,0,1,0,0,0,0,0,1,0,1,1,0,1,0,1
142,1.0,5.0,5.0,5.0,5.0,5,5.0,3.0,5.0,4.0,20.0,186.0,88.0,1.0,0,1,0,1,0,0,0,0,0,1,1,0,0,1,0,1,0
143,3.0,1.0,2.0,3.0,1.0,2,1.0,1.0,3.0,4.0,21.0,169.0,55.0,2.0,0,1,0,1,0,0,0,0,0,1,1,0,1,0,1,0,2
144,1.0,1.0,1.0,4.0,2.0,2,2.0,4.0,4.0,5.0,19.0,163.0,50.0,1.0,1,0,0,1,1,0,0,0,0,0,1,0,1,0,1,0,6
145,2.0,1.0,1.0,1.0,4.0,3,1.0,2.0,3.0,4.0,24.0,169.0,51.0,1.0,1,0,0,1,1,0,0,0,0,0,1,0,1,0,0,1,2
146,3.0,2.0,4.0,5.0,1.0,1,1.0,1.0,3.0,4.0,19.0,160.0,53.0,1.0,1,0,0,1,0,0,0,0,0,1,0,1,1,0,1,0,6
147,3.0,2.0,1.0,2.0,3.0,3,3.0,2.0,2.0,1.0,25.0,184.0,85.0,3.0,0,1,1,0,1,0,0,0,0,0,1,0,0,1,0,1,0
148,2.0,3.0,3.0,2.0,5.0,3,3.0,1.0,2.0,3.0,20.0,170.0,62.0,1.0,1,0,0,1,1,0,0,0,0,0,1,0,1,0,0,1,1
149,1.0,5.0,5.0,2.0,5.0,4,4.0,4.0,1.0,2.0,19.0,170.0,60.0,2.0,1,0,0,1,0,0,0,0,0,1,1,0,0,1,0,1,2
150,1.0,2.0,2.0,5.0,5.0,5,5.0,5.0,5.0,1.0,21.0,176.0,55.0,1.0,1,0,0,1,0,0,0,0,0,1,1,0,0,1,0,1,2
151,1.0,1.0,1.0,2.0,4.0,4,2.0,1.0,3.0,3.0,20.0,170.0,62.0,1.0,0,1,0,1,0,0,0,0,0,1,1,0,1,0,1,0,1
152,2.0,2.0,1.0,2.0,3.0,4,1.0,1.0,5.0,3.0,20.0,168.0,69.0,1.0,1,0,0,1,0,0,0,0,0,1,1,0,0,1,0,1,1
153,3.0,2.0,2.0,3.0,5.0,4,3.0,3.0,3.0,3.0,18.0,173.0,55.0,3.0,1,0,0,1,0,0,0,0,1,0,1,0,1,0,1,0,2
154,1.0,1.0,1.0,3.0,4.0,1,1.0,3.0,5.0,1.0,17.0,163.0,68.0,0.0,1,0,0,1,0,0,0,0,0,1,0,1,1,0,1,0,1
155,3.0,3.0,2.0,4.0,5.0,3,3.0,3.0,1.0,1.0,19.0,178.0,60.0,1.0,1,0,0,1,0,0,0,0,1,0,1,0,0,1,0,1,5
156,1.0,1.0,1.0,3.0,1.0,1,2.0,4.0,3.0,2.0,18.0,182.0,70.0,2.0,0,1,0,1,0,0,0,0,1,0,1,0,0,1,0,1,4
157,1.0,3.0,2.0,2.0,2.0,3,2.0,1.0,4.0,3.0,18.0,200.0,90.0,2.0,0,1,0,1,0,0,0,0,0,1,1,0,0,1,0,1,0
158,1.0,2.0,1.0,1.0,2.0,2,1.0,1.0,3.0,3.0,30.0,178.0,71.0,2.0,0,1,0,1,0,0,0,1,0,0,1,0,1,0,1,0,4
159,1.0,2.0,1.0,2.0,2.0,4,2.0,3.0,5.0,5.0,24.0,153.0,42.0,1.0,1,0,0,1,0,0,0,0,0,1,1,0,1,0,0,1,6
160,4.0,2.0,1.0,3.0,1.0,3,1.0,5.0,5.0,2.0,20.0,168.0,51.0,0.0,1,0,0,1,0,0,0,0,0,1,0,1,0,1,0,1,2
161,3.0,1.0,2.0,1.0,1.0,3,1.0,2.0,4.0,3.0,20.0,172.0,56.0,1.0,0,1,0,1,0,0,0,0,0,1,1,0,0,1,0,1,2
162,1.0,2.0,2.0,2.0,4.0,4,2.0,1.0,4.0,2.0,20.0,176.0,64.0,1.0,0,1,0,1,0,0,0,0,0,1,1,0,0,1,0,1,5
163,1.0,1.0,1.0,2.0,1.0,1,1.0,3.0,1.0,3.0,19.0,168.0,68.0,3.0,1,0,0,1,0,0,0,0,0,1,1,0,0,1,0,1,1
164,3.0,3.0,3.0,4.0,1.0,2,1.0,3.0,3.0,3.0,20.0,157.0,48.0,2.0,1,0,0,1,0,0,0,0,0,1,1,0,0,1,0,1,6
165,1.0,1.0,1.0,1.0,1.0,2,1.0,3.0,2.0,2.0,21.0,173.0,73.0,5.0,0,1,0,1,0,0,0,0,0,1,1,0,0,1,0,1,4
166,2.0,3.0,3.0,2.0,5.0,5,2.0,3.0,4.0,2.0,19.0,173.0,63.0,1.0,1,0,0,1,0,0,0,0,0,1,1,0,0,1,0,1,5
167,1.0,1.0,2.0,1.0,2.0,3,3.0,5.0,5.0,5.0,19.0,168.0,60.0,2.0,1,0,0,1,0,0,0,0,0,1,1,0,0,1,1,0,2
168,2.0,1.0,3.0,1.0,4.0,4,4.0,1.0,5.0,4.0,18.0,168.0,65.0,1.0,1,0,0,1,1,0,0,0,0,0,1,0,0,1,0,1,1
169,1.0,1.0,2.0,1.0,2.0,5,3.0,1.0,1.0,2.0,16.0,174.0,64.0,0.0,1,0,0,1,0,0,0,0,0,1,0,1,1,0,1,0,5
170,1.0,3.0,4.0,5.0,1.0,1,1.0,5.0,5.0,1.0,19.0,171.0,57.0,0.0,1,0,0,1,0,0,0,0,0,1,0,1,1,0,1,0,2
171,1.0,1.0,5.0,1.0,5.0,1,4.0,3.0,3.0,5.0,18.0,173.0,64.0,3.0,1,0,0,1,0,0,0,0,0,1,1,0,1,0,0,1,5
172,5.0,4.0,3.0,4.0,5.0,5,3.0,5.0,3.0,4.0,21.0,173.0,59.0,1.0,1,0,1,0,0,0,0,0,0,1,0,1,1,0,1,0,5
173,2.0,3.0,2.0,3.0,3.0,3,3.0,5.0,3.0,2.0,21.0,180.0,80.0,1.0,0,1,0,1,1,0,0,0,0,0,1,0,1,0,1,0,4
174,2.0,4.0,5.0,2.0,5.0,5,5.0,3.0,4.0,4.0,18.0,180.0,60.0,1.0,1,0,0,1,0,0,0,0,0,1,0,1,1,0,1,0,5
175,5.0,3.0,3.0,2.0,5.0,4,5.0,3.0,5.0,4.0,20.0,160.0,46.0,0.0,1,0,0,1,0,0,0,0,0,1,0,1,1,0,1,0,6
176,2.0,2.0,1.0,4.0,1.0,5,1.0,5.0,5.0,2.0,19.0,172.0,60.0,1.0,1,0,0,1,0,0,0,0,1,0,1,0,1,0,1,0,5
177,1.0,1.0,1.0,1.0,4.0,4,4.0,5.0,4.0,1.0,27.0,180.0,80.0,0.0,0,1,0,1,0,0,0,1,0,0,0,1,1,0,1,0,4
178,1.0,1.0,3.0,1.0,3.0,3,3.0,4.0,4.0,4.0,19.0,160.0,55.0,2.0,1,0,0,1,0,0,0,0,0,1,1,0,1,0,1,0,6
179,3.0,5.0,4.0,2.0,1.0,1,2.0,3.0,3.0,2.0,20.0,176.0,63.0,0.0,1,0,0,1,0,0,0,0,0,1,0,1,1,0,1,0,5
180,3.0,3.0,1.0,5.0,1.0,3,2.0,2.0,5.0,3.0,19.0,164.0,60.0,2.0,1,0,0,1,0,0,0,0,0,1,1,0,0,1,0,1,2
181,5.0,3.0,3.0,2.0,4.0,1,3.0,3.0,3.0,2.0,20.0,155.0,44.0,0.0,1,0,0,1,0,0,0,0,0,1,0,1,0,1,0,1,6
182,3.0,2.0,1.0,3.0,3.0,1,2.0,1.0,2.0,2.0,17.0,167.0,57.0,2.0,1,0,1,0,0,0,0,0,1,0,0,1,1,0,1,0,2
183,1.0,1.0,1.0,2.0,5.0,4,3.0,1.0,1.0,1.0,23.0,171.0,59.0,2.0,1,0,0,1,0,0,0,0,0,1,1,0,0,1,0,1,2
184,1.0,3.0,3.0,1.0,5.0,5,3.0,5.0,5.0,3.0,20.0,170.0,60.0,1.0,1,0,0,1,0,0,0,0,0,1,1,0,1,0,1,0,2
185,3.0,1.0,1.0,4.0,2.0,5,2.0,3.0,4.0,3.0,19.0,182.0,65.0,2.0,0,1,0,1,0,0,0,0,0,1,1,0,1,0,1,0,5
186,1.0,1.0,4.0,4.0,1.0,3,3.0,2.0,1.0,5.0,20.0,182.0,63.0,1.0,1,0,0,1,0,0,0,0,0,1,0,1,1,0,1,0,5
187,2.0,1.0,3.0,3.0,3.0,3,2.0,5.0,4.0,3.0,18.0,170.0,50.0,1.0,1,0,0,1,0,0,0,0,0,1,1,0,1,0,0,1,2
188,1.0,1.0,4.0,2.0,4.0,1,4.0,1.0,2.0,1.0,15.0,176.0,53.0,3.0,1,0,0,1,0,0,0,0,0,1,1,0,1,0,1,0,2
189,1.0,2.0,3.0,1.0,4.0,3,1.0,1.0,2.0,3.0,15.0,170.0,49.0,1.0,1,0,0,1,0,0,0,0,0,1,1,0,1,0,1,0,2
190,1.0,5.0,4.0,1.0,3.0,3,2.0,1.0,3.0,3.0,19.0,168.0,72.0,1.0,1,0,0,1,0,0,0,0,0,1,1,0,1,0,1,0,1
191,1.0,1.0,1.0,3.0,1.0,2,1.0,1.0,1.0,1.0,21.0,163.0,49.0,2.0,1,0,1,0,0,0,0,1,0,0,1,0,1,0,0,1,6
192,1.0,2.0,4.0,2.0,5.0,4,2.0,5.0,4.0,3.0,19.0,152.0,47.0,2.0,1,0,0,1,1,0,0,0,0,0,1,0,1,0,1,0,6
193,1.0,1.0,1.0,1.0,2.0,2,2.0,2.0,4.0,3.0,17.0,158.0,57.0,1.0,1,0,0,1,0,0,0,0,0,1,1,0,0,1,0,1,6
194,3.0,3.0,3.0,1.0,2.0,4,2.0,4.0,4.0,4.0,24.0,177.0,80.0,0.0,0,1,0,1,0,0,0,0,0,1,0,1,0,1,0,1,4
195,1.0,1.0,3.0,2.0,2.0,1,2.0,5.0,2.0,4.0,19.0,170.0,55.0,1.0,1,0,0,1,0,0,0,0,0,1,1,0,1,0,1,0,2
196,2.0,2.0,3.0,1.0,4.0,5,5.0,3.0,2.0,2.0,19.0,178.0,67.0,2.0,1,0,0,1,1,0,0,0,0,0,1,0,1,0,1,0,5
197,1.0,3.0,5.0,5.0,4.0,4,5.0,5.0,5.0,2.0,22.0,170.0,60.0,0.0,1,0,0,1,0,0,0,0,0,1,0,1,1,0,0,1,2
198,1.0,1.0,3.0,5.0,4.0,1,1.0,3.0,2.0,2.0,20.0,170.0,70.0,1.0,1,0,0,1,1,0,0,0,0,0,1,0,1,0,1,0,1
199,2.0,1.0,1.0,2.0,5.0,2,2.0,1.0,1.0,1.0,19.0,188.0,76.0,0.0,0,1,0,1,0,0,0,0,0,1,0,1,1,0,1,0,4
200,1.0,1.0,1.0,1.0,1.0,1,1.0,3.0,1.0,3.0,19.0,180.0,85.0,2.0,0,1,0,1,0,0,0,0,0,1,1,0,0,1,0,1,0
201,3.0,2.0,3.0,1.0,5.0,1,1.0,1.0,1.0,1.0,18.0,178.0,69.0,1.0,1,0,0,1,0,0,0,0,0,1,1,0,1,0,0,1,4
202,1.0,1.0,2.0,5.0,2.0,1,1.0,3.0,4.0,3.0,19.0,178.0,74.0,1.0,0,1,0,1,0,0,0,0,0,1,1,0,1,0,1,0,4
203,3.0,4.0,3.0,3.0,5.0,5,5.0,3.0,2.0,5.0,20.0,165.0,50.0,2.0,1,0,0,1,0,0,0,0,0,1,1,0,1,0,1,0,6
204,1.0,1.0,1.0,4.0,3.0,3,1.0,1.0,3.0,3.0,20.0,178.0,68.0,2.0,0,1,0,1,0,0,0,0,0,1,1,0,1,0,1,0,5
205,1.0,2.0,2.0,2.0,5.0,3,3.0,3.0,3.0,3.0,20.0,168.0,55.0,2.0,1,0,0,1,0,0,0,0,0,1,1,0,1,0,1,0,2
206,5.0,5.0,3.0,3.0,4.0,5,4.0,3.0,3.0,3.0,27.0,168.0,55.0,1.0,1,0,0,1,0,0,0,1,0,0,1,0,1,0,1,0,2
207,2.0,2.0,3.0,3.0,5.0,5,2.0,4.0,3.0,3.0,19.0,180.0,57.0,1.0,1,0,0,1,0,0,0,0,0,1,0,1,1,0,0,1,5
208,1.0,1.0,1.0,1.0,1.0,1,3.0,4.0,4.0,2.0,20.0,173.0,58.0,1.0,1,0,0,1,0,0,0,0,0,1,1,0,1,0,0,1,2
209,1.0,1.0,1.0,1.0,2.0,2,1.0,2.0,2.0,4.0,20.0,193.0,85.0,1.0,0,1,0,1,0,0,0,0,0,1,1,0,0,1,0,1,0
210,2.0,2.0,1.0,1.0,4.0,4,4.0,4.0,4.0,1.0,21.0,184.0,120.0,1.0,1,0,0,1,0,0,0,0,0,1,1,0,1,0,0,1,3
211,1.0,1.0,4.0,1.0,2.0,2,2.0,3.0,4.0,5.0,16.0,167.0,62.0,1.0,1,0,0,1,0,0,0,0,1,0,0,1,0,1,0,1,1
212,4.0,2.0,3.0,4.0,3.0,5,4.0,4.0,5.0,4.0,18.0,167.0,57.0,1.0,1,0,0,1,0,0,0,0,0,1,1,0,0,1,0,1,2
213,1.0,1.0,1.0,2.0,1.0,1,1.0,3.0,1.0,1.0,23.0,190.0,90.0,1.0,0,1,0,1,1,0,0,0,0,0,1,0,1,0,1,0,0
214,1.0,1.0,2.0,2.0,1.0,1,1.0,2.0,2.0,3.0,19.0,187.0,83.0,0.0,0,1,0,1,0,0,0,0,0,1,0,1,0,1,0,1,0
215,1.0,2.0,5.0,5.0,3.0,5,3.0,4.0,4.0,5.0,19.0,163.0,51.0,0.0,1,0,0,1,0,0,0,0,0,1,1,0,1,0,0,1,6
216,3.0,2.0,4.0,3.0,5.0,5,5.0,5.0,3.0,5.0,22.0,173.0,52.0,1.0,1,0,0,1,1,0,0,0,0,0,1,0,1,0,1,0,2
217,2.0,1.0,1.0,2.0,1.0,1,1.0,1.0,2.0,3.0,20.0,190.0,92.0,1.0,0,1,0,1,1,0,0,0,0,0,1,0,1,0,0,1,0
218,5.0,1.0,1.0,2.0,4.0,4,4.0,2.0,3.0,1.0,25.0,167.0,76.0,1.0,1,0,0,1,0,0,0,1,0,0,1,0,1,0,1,0,1
219,1.0,1.0,2.0,3.0,3.0,3,1.0,4.0,2.0,1.0,18.0,160.0,53.0,2.0,1,0,0,1,0,0,0,0,0,1,0,1,1,0,1,0,6
220,5.0,4.0,3.0,5.0,2.0,5,1.0,3.0,4.0,3.0,20.0,169.0,64.0,0.0,1,0,0,1,1,0,0,0,0,0,0,1,1,0,0,1,1
221,1.0,5.0,2.0,1.0,5.0,4,1.0,1.0,4.0,4.0,19.0,176.0,68.0,2.0,1,0,0,1,0,0,0,0,0,1,1,0,1,0,1,0,5
222,1.0,1.0,2.0,1.0,1.0,1,1.0,2.0,2.0,3.0,16.0,158.0,50.0,0.0,1,0,0,1,0,0,0,0,0,1,0,1,0,1,0,1,6
223,1.0,1.0,1.0,1.0,5.0,1,1.0,3.0,1.0,2.0,18.0,167.0,57.0,0.0,1,0,0,1,1,0,0,0,0,0,0,1,1,0,1,0,2
224,3.0,1.0,2.0,3.0,2.0,2,1.0,1.0,3.0,3.0,15.0,170.0,75.0,1.0,0,1,0,1,0,0,0,0,1,0,1,0,1,0,0,1,1
225,2.0,1.0,1.0,3.0,2.0,3,3.0,3.0,5.0,2.0,20.0,180.0,75.0,2.0,0,1,0,1,0,0,0,0,0,1,1,0,0,1,0,1,4
226,1.0,1.0,1.0,1.0,5.0,5,5.0,3.0,4.0,4.0,20.0,184.0,68.0,1.0,0,1,1,0,0,0,0,0,0,1,1,0,1,0,1,0,4
227,1.0,3.0,3.0,2.0,3.0,3,2.0,3.0,3.0,3.0,20.0,170.0,60.0,1.0,1,0,0,1,0,0,0,0,0,1,0,1,1,0,0,1,2
228,2.0,1.0,2.0,4.0,5.0,5,4.0,1.0,4.0,5.0,18.0,166.0,65.0,1.0,1,0,1,0,0,0,0,0,0,1,1,0,1,0,1,0,1
229,3.0,3.0,3.0,2.0,2.0,5,2.0,4.0,5.0,1.0,18.0,160.0,50.0,1.0,1,0,0,1,0,0,0,0,1,0,1,0,1,0,1,0,6
230,1.0,1.0,3.0,2.0,4.0,4,1.0,2.0,5.0,4.0,20.0,178.0,68.0,1.0,0,1,1,0,0,0,0,0,0,1,1,0,0,1,0,1,5
231,3.0,2.0,2.0,1.0,2.0,3,4.0,3.0,4.0,5.0,18.0,168.0,65.0,1.0,1,0,0,1,0,0,0,0,1,0,1,0,1,0,1,0,1
232,1.0,1.0,2.0,2.0,2.0,1,1.0,2.0,3.0,4.0,19.0,185.0,62.0,1.0,0,1,0,1,0,0,0,0,0,1,1,0,0,1,0,1,5
233,2.0,4.0,2.0,2.0,1.0,1,1.0,1.0,3.0,2.0,19.0,175.0,58.0,0.0,1,0,0,1,1,0,0,0,0,0,0,1,1,0,1,0,5
234,5.0,4.0,2.0,4.0,5.0,5,3.0,1.0,2.0,3.0,20.0,167.0,55.0,1.0,1,0,0,1,0,0,0,0,0,1,1,0,1,0,1,0,2
235,3.0,2.0,2.0,2.0,2.0,3,3.0,4.0,4.0,3.0,17.0,160.0,60.0,1.0,1,0,0,1,0,0,0,0,1,0,1,0,1,0,1,0,6
236,1.0,1.0,2.0,1.0,3.0,3,1.0,1.0,1.0,2.0,17.0,182.0,92.0,1.0,0,1,0,1,0,0,0,0,0,1,0,1,0,1,0,1,0
237,5.0,5.0,4.0,3.0,3.0,4,2.0,5.0,5.0,1.0,22.0,165.0,60.0,2.0,1,0,0,1,0,0,0,0,0,1,1,0,0,1,0,1,2
238,3.0,1.0,1.0,4.0,3.0,3,3.0,1.0,3.0,2.0,16.0,174.0,65.0,1.0,1,0,0,1,0,0,0,0,0,1,0,1,1,0,1,0,5
239,3.0,2.0,1.0,1.0,4.0,1,1.0,4.0,4.0,3.0,24.0,169.0,50.0,1.0,1,0,0,1,0,0,0,1,0,0,1,0,1,0,1,0,2
240,1.0,1.0,1.0,3.0,1.0,2,1.0,1.0,2.0,2.0,17.0,185.0,73.0,1.0,0,1,0,1,0,0,0,0,1,0,1,0,1,0,1,0,4
241,4.0,1.0,1.0,4.0,5.0,5,4.0,1.0,5.0,3.0,17.0,170.0,60.0,1.0,0,1,1,0,0,0,0,0,0,1,1,0,1,0,1,0,2
242,3.0,1.0,1.0,4.0,3.0,1,1.0,1.0,1.0,2.0,17.0,182.0,76.0,2.0,0,1,0,1,0,0,0,0,0,1,1,0,1,0,0,1,4
243,3.0,4.0,3.0,2.0,2.0,5,2.0,4.0,5.0,1.0,18.0,160.0,50.0,2.0,1,0,0,1,0,0,0,0,1,0,1,0,1,0,1,0,6
244,1.0,4.0,4.0,4.0,5.0,4,1.0,3.0,5.0,1.0,18.0,158.0,53.0,2.0,1,0,0,1,0,0,0,0,1,0,1,0,0,1,0,1,6
245,1.0,4.0,4.0,1.0,5.0,5,5.0,5.0,5.0,2.0,16.0,186.0,63.0,1.0,0,1,0,1,0,0,0,0,1,0,1,0,0,1,0,1,5
246,2.0,2.0,3.0,2.0,5.0,2,2.0,4.0,1.0,3.0,20.0,173.0,68.0,1.0,1,0,0,1,0,0,0,0,0,1,0,1,1,0,1,0,1
247,5.0,4.0,3.0,5.0,3.0,5,5.0,1.0,5.0,3.0,24.0,172.0,68.0,3.0,1,0,0,1,1,0,0,0,0,0,1,0,0,1,0,1,1
248,2.0,2.0,3.0,3.0,1.0,5,4.0,2.0,4.0,3.0,18.0,164.0,60.0,0.0,1,0,0,1,0,0,0,0,0,1,0,1,1,0,1,0,2
249,1.0,2.0,2.0,1.0,1.0,3,3.0,1.0,4.0,1.0,17.0,185.0,70.0,1.0,0,1,0,1,0,0,0,0,1,0,0,1,1,0,1,0,4
250,1.0,1.0,2.0,1.0,5.0,3,2.0,4.0,2.0,1.0,16.0,182.0,75.0,1.0,0,1,0,1,0,0,0,0,0,1,1,0,1,0,1,0,4
251,1.0,1.0,1.0,3.0,1.0,1,1.0,2.0,3.0,3.0,20.0,187.0,68.0,2.0,0,1,0,1,1,0,0,0,0,0,1,0,1,0,0,1,4
252,3.0,3.0,3.0,3.0,3.0,1,1.0,1.0,2.0,3.0,19.0,189.0,76.0,1.0,0,1,0,1,0,0,0,0,0,1,1,0,1,0,1,0,4
253,2.0,1.0,3.0,2.0,3.0,3,2.0,2.0,3.0,3.0,18.0,166.0,60.0,1.0,1,0,0,1,0,0,0,0,0,1,1,0,1,0,1,0,2
254,1.0,1.0,3.0,3.0,3.0,5,5.0,3.0,4.0,2.0,20.0,161.0,59.0,1.0,1,0,0,1,0,0,0,0,0,1,1,0,1,0,1,0,2
255,1.0,1.0,1.0,4.0,1.0,1,3.0,2.0,4.0,2.0,18.0,185.0,74.0,1.0,0,1,1,0,0,0,0,0,0,1,1,0,1,0,0,1,4
256,3.0,1.0,3.0,5.0,4.0,3,1.0,3.0,5.0,4.0,19.0,170.0,68.0,2.0,0,1,0,1,1,0,0,0,0,0,1,0,1,0,0,1,1
257,5.0,1.0,3.0,3.0,5.0,5,2.0,3.0,2.0,4.0,20.0,184.0,72.0,2.0,1,0,0,1,0,0,0,0,0,1,1,0,1,0,1,0,4
258,2.0,2.0,4.0,1.0,1.0,2,4.0,5.0,3.0,1.0,19.0,166.0,58.0,1.0,1,0,0,1,1,0,0,0,0,0,1,0,0,1,0,1,2
259,1.0,1.0,1.0,2.0,5.0,5,1.0,2.0,2.0,4.0,19.0,167.0,50.0,2.0,1,0,0,1,1,0,0,0,0,0,1,0,1,0,1,0,2
260,1.0,2.0,2.0,2.0,4.0,4,3.0,1.0,5.0,3.0,20.0,178.0,75.0,2.0,0,1,0,1,1,0,0,0,0,0,1,0,1,0,1,0,4
261,3.0,1.0,1.0,2.0,1.0,3,1.0,5.0,4.0,3.0,20.0,178.0,67.0,2.0,0,1,0,1,0,0,0,0,0,1,1,0,0,1,1,0,5
262,3.0,5.0,5.0,4.0,5.0,5,4.0,2.0,5.0,3.0,19.0,168.0,58.0,2.0,1,0,0,1,0,0,0,0,0,1,1,0,0,1,0,1,2
263,2.0,4.0,1.0,3.0,2.0,3,2.0,1.0,5.0,1.0,19.0,164.0,53.0,4.0,1,0,0,1,0,0,0,0,0,1,1,0,0,1,0,1,6
264,1.0,1.0,1.0,1.0,1.0,1,1.0,1.0,3.0,2.0,20.0,187.0,56.0,2.0,0,1,0,1,0,0,0,0,0,1,1,0,1,0,1,0,5
265,3.0,3.0,3.0,5.0,5.0,5,5.0,4.0,3.0,5.0,21.0,176.0,62.0,1.0,1,0,0,1,0,0,0,0,0,1,1,0,1,0,1,0,5
266,3.0,2.0,2.0,1.0,1.0,1,1.0,1.0,4.0,4.0,17.0,158.0,70.0,0.0,1,0,0,1,0,0,0,0,0,1,0,1,0,1,0,1,1
267,2.0,1.0,2.0,2.0,2.0,3,3.0,2.0,2.0,2.0,25.0,174.0,67.0,2.0,0,1,0,1,0,0,0,1,0,0,1,0,1,0,0,1,5
268,2.0,2.0,1.0,2.0,2.0,5,1.0,2.0,2.0,3.0,20.0,170.0,58.0,1.0,1,0,1,0,0,0,0,0,0,1,1,0,1,0,1,0,2
269,1.0,2.0,2.0,2.0,2.0,2,2.0,3.0,4.0,3.0,21.0,173.0,58.0,1.0,1,0,0,1,0,0,0,0,0,1,1,0,1,0,1,0,2
270,2.0,1.0,1.0,3.0,2.0,4,2.0,3.0,4.0,3.0,22.0,185.0,90.0,1.0,0,1,0,1,1,0,0,0,0,0,1,0,1,0,1,0,0
271,1.0,1.0,1.0,2.0,1.0,1,1.0,4.0,3.0,2.0,25.0,178.0,77.0,1.0,0,1,0,1,1,0,0,0,0,0,1,0,1,0,1,0,4
272,1.0,1.0,3.0,3.0,2.0,1,1.0,2.0,4.0,4.0,19.0,166.0,55.0,0.0,1,0,0,1,0,0,0,0,0,1,0,1,1,0,1,0,2
273,1.0,1.0,2.0,2.0,1.0,2,5.0,3.0,2.0,3.0,25.0,167.0,64.0,2.0,1,0,0,1,0,0,0,1,0,0,1,0,1,0,1,0,1
274,2.0,2.0,1.0,4.0,5.0,5,5.0,2.0,4.0,2.0,25.0,169.0,60.0,1.0,1,0,0,1,0,0,0,1,0,0,1,0,1,0,1,0,2
275,1.0,3.0,5.0,5.0,2.0,5,4.0,1.0,2.0,3.0,21.0,168.0,60.0,0.0,1,0,0,1,0,0,0,0,0,1,0,1,1,0,0,1,2
276,2.0,2.0,2.0,3.0,2.0,3,1.0,1.0,2.0,2.0,20.0,178.0,65.0,2.0,0,1,0,1,0,0,0,0,0,1,1,0,1,0,1,0,5
277,3.0,3.0,3.0,3.0,3.0,3,3.0,2.0,4.0,5.0,24.0,165.0,49.0,2.0,1,0,0,1,0,0,0,1,0,0,1,0,1,0,1,0,6
278,3.0,4.0,3.0,2.0,3.0,5,4.0,2.0,4.0,4.0,30.0,160.0,47.0,2.0,1,0,0,1,0,0,0,1,0,0,1,0,1,0,1,0,6
279,1.0,1.0,1.0,3.0,1.0,1,1.0,2.0,1.0,1.0,21.0,176.0,75.0,1.0,0,1,0,1,0,0,0,0,0,1,1,0,1,0,1,0,4
280,4.0,4.0,5.0,5.0,5.0,2,4.0,5.0,4.0,2.0,27.0,186.0,77.0,3.0,0,1,0,1,0,0,0,1,0,0,1,0,1,0,1,0,4
281,1.0,1.0,1.0,2.0,1.0,3,1.0,1.0,1.0,3.0,21.0,172.0,68.0,1.0,0,1,0,1,1,0,0,0,0,0,1,0,1,0,1,0,1
282,2.0,2.0,1.0,4.0,1.0,2,2.0,1.0,4.0,1.0,22.0,160.0,65.0,1.0,1,0,0,1,0,0,0,0,0,1,1,0,1,0,1,0,1
283,1.0,1.0,1.0,1.0,2.0,2,2.0,2.0,4.0,2.0,19.0,180.0,80.0,1.0,0,1,1,0,0,0,0,0,0,1,1,0,0,1,1,0,4
284,1.0,2.0,3.0,4.0,1.0,1,1.0,1.0,2.0,1.0,20.0,170.0,90.0,1.0,1,0,0,1,0,0,0,0,0,1,1,0,0,1,1,0,0
285,4.0,1.0,1.0,1.0,1.0,1,2.0,1.0,2.0,4.0,23.0,175.0,79.0,2.0,0,1,0,1,0,0,0,0,0,1,1,0,0,1,0,1,4
286,1.0,1.0,1.0,2.0,2.0,2,2.0,3.0,3.0,2.0,20.0,167.0,57.0,2.0,1,0,0,1,1,0,0,0,0,0,1,0,0,1,0,1,2
287,4.0,5.0,4.0,3.0,1.0,5,3.0,3.0,5.0,4.0,21.0,168.0,60.0,1.0,1,0,1,0,0,0,0,0,0,1,1,0,0,1,0,1,2
288,1.0,1.0,1.0,2.0,4.0,4,5.0,3.0,5.0,2.0,19.0,166.0,44.0,1.0,1,0,1,0,0,0,0,0,0,1,1,0,1,0,1,0,6
289,5.0,3.0,5.0,1.0,3.0,5,5.0,4.0,5.0,2.0,21.0,164.0,58.0,1.0,1,0,0,1,1,0,0,0,0,0,1,0,1,0,1,0,2
290,2.0,3.0,5.0,5.0,5.0,3,1.0,1.0,1.0,1.0,16.0,165.0,50.0,0.0,1,0,0,1,0,1,0,0,0,0,0,1,1,0,1,0,6
291,1.0,1.0,1.0,1.0,1.0,1,1.0,1.0,1.0,1.0,20.0,180.0,88.0,1.0,0,1,0,1,0,0,0,0,0,1,1,0,0,1,0,1,0
292,4.0,3.0,4.0,3.0,5.0,5,3.0,2.0,2.0,1.0,18.0,173.0,60.0,0.0,1,0,0,1,0,0,0,0,0,1,0,1,1,0,1,0,5
293,1.0,1.0,1.0,5.0,1.0,1,5.0,1.0,3.0,1.0,21.0,168.0,54.0,1.0,1,0,0,1,0,0,0,0,0,1,1,0,1,0,1,0,2
294,2.0,1.0,2.0,2.0,3.0,3,2.0,3.0,3.0,3.0,21.0,177.0,68.0,2.0,0,1,0,1,0,0,0,0,0,1,1,0,0,1,0,1,5
295,1.0,2.0,3.0,4.0,4.0,4,4.0,1.0,4.0,1.0,18.0,167.0,56.0,2.0,0,1,0,1,1,0,0,0,0,0,1,0,1,0,1,0,2
296,1.0,5.0,5.0,3.0,5.0,5,5.0,5.0,5.0,2.0,19.0,173.0,69.0,1.0,1,0,0,1,0,0,0,0,0,1,1,0,0,1,0,1,1
297,1.0,1.0,2.0,4.0,4.0,2,3.0,5.0,2.0,3.0,18.0,180.0,60.0,1.0,0,1,0,1,0,0,0,0,0,1,1,0,0,1,0,1,5
298,3.0,4.0,3.0,4.0,5.0,5,5.0,2.0,4.0,3.0,18.0,172.0,60.0,1.0,1,0,0,1,0,0,0,0,1,0,1,0,0,1,0,1,5
299,1.0,2.0,2.0,2.0,1.0,2,1.0,1.0,2.0,1.0,23.0,158.0,53.0,0.0,1,0,0,1,0,0,0,0,0,1,0,1,0,1,0,1,6
300,1.0,5.0,5.0,5.0,3.0,5,3.0,1.0,5.0,3.0,20.0,165.0,52.0,1.0,1,0,0,1,0,0,0,0,0,1,1,0,0,1,0,1,2
301,3.0,2.0,2.0,2.0,2.0,3,2.0,1.0,2.0,1.0,18.0,168.0,55.0,1.0,1,0,1,0,0,0,0,0,0,1,1,0,0,1,0,1,2
302,3.0,3.0,3.0,5.0,5.0,5,5.0,1.0,5.0,3.0,21.0,161.0,57.0,3.0,1,0,0,1,0,0,0,0,0,1,1,0,0,1,0,1,6
303,2.0,2.0,4.0,3.0,5.0,2,1.0,1.0,3.0,2.0,22.0,160.0,65.0,1.0,1,0,0,1,0,0,0,1,0,0,1,0,1,0,0,1,1
304,1.0,1.0,1.0,5.0,5.0,3,3.0,1.0,3.0,2.0,19.0,180.0,77.0,1.0,0,1,0,1,0,0,0,0,0,1,1,0,1,0,1,0,4
305,3.0,3.0,5.0,3.0,4.0,4,5.0,3.0,4.0,3.0,18.0,164.0,56.0,2.0,1,0,0,1,0,0,0,0,1,0,1,0,1,0,1,0,2
306,2.0,2.0,2.0,2.0,3.0,2,2.0,2.0,2.0,2.0,19.0,170.0,53.0,1.0,1,0,0,1,0,0,0,1,0,0,1,0,0,1,0,1,2
307,3.0,2.0,1.0,4.0,3.0,4,4.0,3.0,4.0,4.0,19.0,185.0,78.0,2.0,0,1,1,0,0,0,0,0,0,1,1,0,0,1,0,1,4
308,1.0,1.0,2.0,5.0,2.0,2,2.0,3.0,3.0,4.0,20.0,184.0,80.0,1.0,0,1,0,1,0,0,0,0,0,1,1,0,1,0,1,0,4
309,2.0,1.0,3.0,2.0,1.0,4,5.0,5.0,5.0,3.0,19.0,170.0,56.0,3.0,1,0,0,1,0,0,0,0,0,1,1,0,1,0,1,0,2
310,2.0,1.0,1.0,2.0,3.0,5,2.0,2.0,3.0,2.0,18.0,184.0,83.0,1.0,0,1,0,1,0,0,0,0,0,1,1,0,1,0,1,0,0
311,2.0,4.0,5.0,5.0,5.0,2,1.0,2.0,5.0,2.0,18.0,173.0,60.0,1.0,1,0,0,1,0,0,0,0,0,1,1,0,1,0,1,0,5
312,1.0,1.0,2.0,1.0,3.0,3,2.0,5.0,3.0,2.0,19.0,176.0,62.0,1.0,0,1,0,1,0,0,0,0,0,1,1,0,1,0,1,0,5
313,4.0,1.0,1.0,2.0,5.0,5,4.0,1.0,3.0,3.0,18.0,180.0,74.0,2.0,1,0,0,1,0,0,0,0,0,1,1,0,0,1,0,1,4
314,1.0,1.0,2.0,4.0,1.0,1,1.0,4.0,1.0,3.0,19.0,175.0,70.0,1.0,0,1,0,1,0,0,0,0,0,1,1,0,1,0,1,0,4
315,1.0,2.0,4.0,4.0,5.0,5,4.0,4.0,4.0,5.0,19.0,164.0,58.0,1.0,1,0,0,1,0,0,0,0,0,1,1,0,1,0,1,0,2
316,2.0,1.0,2.0,2.0,2.0,4,3.0,3.0,3.0,2.0,18.0,163.0,58.0,6.0,1,0,0,1,0,0,0,0,0,1,1,0,1,0,1,0,2
317,1.0,2.0,4.0,1.0,1.0,3,3.0,2.0,4.0,2.0,18.0,162.0,54.0,3.0,1,0,0,1,0,0,0,0,0,1,1,0,0,1,0,1,6
318,1.0,2.0,2.0,3.0,2.0,2,1.0,4.0,2.0,2.0,19.0,170.0,54.0,1.0,1,0,0,1,0,0,0,0,0,1,1,0,1,0,1,0,2
319,1.0,2.0,2.0,3.0,5.0,5,5.0,1.0,3.0,2.0,20.0,157.0,43.0,1.0,1,0,0,1,0,0,0,0,0,1,0,1,1,0,1,0,6
320,2.0,1.0,2.0,4.0,4.0,4,3.0,1.0,3.0,4.0,19.0,185.0,70.0,1.0,0,1,0,1,0,0,0,0,0,1,1,0,1,0,1,0,4
321,5.0,3.0,3.0,5.0,4.0,5,4.0,1.0,4.0,3.0,26.0,163.0,55.0,3.0,1,0,1,0,0,0,0,1,0,0,1,0,0,1,0,1,2
322,1.0,3.0,2.0,3.0,3.0,3,2.0,3.0,5.0,2.0,19.0,168.0,49.0,1.0,1,0,0,1,0,0,0,0,0,1,1,0,0,1,0,1,2
323,1.0,2.0,1.0,3.0,1.0,3,3.0,1.0,5.0,3.0,22.0,178.0,82.0,1.0,0,1,0,1,1,0,0,0,0,0,1,0,0,1,0,1,4
324,1.0,1.0,2.0,2.0,2.0,3,2.0,2.0,3.0,2.0,20.0,165.0,65.0,1.0,0,1,0,1,1,0,0,0,0,0,1,0,0,1,0,1,1
325,1.0,4.0,5.0,1.0,5.0,5,5.0,5.0,3.0,4.0,28.0,180.0,63.0,2.0,1,0,0,1,0,0,0,1,0,0,1,0,1,0,1,0,5
326,1.0,3.0,3.0,3.0,5.0,2,3.0,4.0,5.0,1.0,21.0,156.0,48.0,0.0,1,0,0,1,0,0,0,0,0,1,0,1,1,0,0,1,6
327,3.0,5.0,5.0,4.0,4.0,5,5.0,2.0,5.0,5.0,19.0,175.0,58.0,1.0,1,0,0,1,0,0,0,0,0,1,1,0,0,1,0,1,5
328,2.0,1.0,1.0,2.0,1.0,1,1.0,1.0,3.0,4.0,22.0,188.0,80.0,2.0,0,1,0,1,0,0,0,0,0,1,1,0,1,0,1,0,0
329,1.0,1.0,1.0,3.0,2.0,2,2.0,2.0,2.0,4.0,19.0,181.0,62.0,2.0,0,1,0,1,0,0,0,0,0,1,1,0,1,0,0,1,5
330,2.0,2.0,2.0,2.0,2.0,2,2.0,2.0,3.0,3.0,19.0,166.0,62.0,0.0,1,0,0,1,0,0,0,0,0,1,0,1,1,0,1,0,1
331,1.0,1.0,1.0,1.0,1.0,1,1.0,5.0,2.0,1.0,22.0,189.0,78.0,2.0,0,1,1,0,0,0,0,0,0,1,1,0,1,0,1,0,0
332,2.0,2.0,2.0,2.0,1.0,2,2.0,2.0,2.0,2.0,29.0,189.0,96.0,3.0,0,1,0,1,0,0,0,1,0,0,0,1,0,1,0,1,0
333,4.0,4.0,4.0,4.0,2.0,5,1.0,3.0,5.0,5.0,18.0,164.0,60.0,0.0,1,0,0,1,0,0,0,0,0,1,0,1,1,0,1,0,2
334,1.0,2.0,3.0,5.0,4.0,4,5.0,3.0,5.0,1.0,22.0,172.0,50.0,1.0,1,0,0,1,0,0,0,0,0,1,1,0,1,0,0,1,2
335,2.0,2.0,1.0,1.0,1.0,3,1.0,3.0,1.0,2.0,17.0,157.0,46.0,1.0,1,0,0,1,0,0,0,0,0,1,1,0,1,0,0,1,6
336,2.0,2.0,3.0,4.0,5.0,5,5.0,4.0,5.0,5.0,20.0,161.0,46.0,1.0,1,0,0,1,0,0,0,0,0,1,1,0,0,1,0,1,6
337,3.0,1.0,5.0,2.0,1.0,3,3.0,3.0,4.0,4.0,19.0,167.0,58.0,1.0,1,0,0,1,0,0,0,0,0,1,1,0,0,1,1,0,2
338,1.0,1.0,2.0,2.0,3.0,1,1.0,3.0,2.0,1.0,20.0,178.0,74.0,1.0,0,1,0,1,0,0,0,0,0,1,1,0,1,0,1,0,4
339,3.0,4.0,2.0,4.0,1.0,1,1.0,4.0,1.0,5.0,25.0,186.0,78.0,1.0,0,1,0,1,0,0,0,1,0,0,1,0,0,1,1,0,4
340,2.0,2.0,4.0,1.0,2.0,3,1.0,1.0,2.0,4.0,21.0,161.0,55.0,2.0,1,0,0,1,0,0,0,0,0,1,1,0,1,0,1,0,6
341,2.0,1.0,2.0,4.0,2.0,2,2.0,1.0,2.0,4.0,22.0,189.0,82.0,2.0,0,1,0,1,0,0,0,0,0,1,1,0,1,0,1,0,0
342,3.0,4.0,3.0,4.0,5.0,4,3.0,4.0,5.0,2.0,28.0,171.0,57.0,1.0,1,0,0,1,0,0,0,1,0,0,1,0,1,0,1,0,2
343,1.0,2.0,1.0,2.0,1.0,1,1.0,1.0,1.0,2.0,22.0,177.0,75.0,1.0,0,1,0,1,0,0,0,0,0,1,1,0,1,0,1,0,4
344,1.0,1.0,1.0,4.0,5.0,4,2.0,5.0,5.0,1.0,20.0,160.0,49.0,2.0,1,0,0,1,1,0,0,0,0,0,0,1,0,1,0,1,6
345,2.0,1.0,1.0,2.0,5.0,5,5.0,5.0,5.0,4.0,16.0,168.0,50.0,1.0,1,0,0,1,0,0,0,0,1,0,1,0,1,0,1,0,2
346,2.0,5.0,3.0,2.0,5.0,1,1.0,1.0,4.0,3.0,19.0,165.0,56.0,1.0,1,0,0,1,0,0,0,0,0,1,1,0,1,0,1,0,2
347,2.0,1.0,2.0,3.0,4.0,3,2.0,2.0,2.0,3.0,20.0,163.0,68.0,2.0,1,0,0,1,0,0,0,0,0,1,1,0,1,0,1,0,1
348,2.0,1.0,1.0,4.0,2.0,3,3.0,2.0,2.0,3.0,21.0,185.0,78.0,1.0,0,1,0,1,1,0,0,0,0,0,1,0,1,0,1,0,4
349,2.0,2.0,1.0,2.0,1.0,2,2.0,3.0,3.0,1.0,19.0,165.0,55.0,1.0,1,0,0,1,0,0,0,0,0,1,1,0,1,0,1,0,2
350,3.0,2.0,2.0,2.0,5.0,3,3.0,2.0,3.0,3.0,25.0,170.0,52.0,1.0,1,0,0,1,1,0,0,0,0,0,1,0,1,0,1,0,2
351,4.0,1.0,1.0,4.0,1.0,4,3.0,3.0,4.0,3.0,19.0,170.0,50.0,3.0,1,0,0,1,0,0,0,0,0,1,1,0,0,1,0,1,2
352,1.0,3.0,2.0,3.0,2.0,4,4.0,2.0,3.0,3.0,19.0,172.0,58.0,2.0,1,0,1,0,0,0,0,0,0,1,1,0,1,0,0,1,2
353,1.0,2.0,2.0,2.0,5.0,4,5.0,3.0,5.0,5.0,21.0,179.0,60.0,1.0,1,0,0,1,0,0,0,0,0,1,1,0,1,0,1,0,5
354,2.0,1.0,2.0,1.0,4.0,5,4.0,3.0,5.0,4.0,28.0,176.0,60.0,1.0,1,0,0,1,0,0,0,1,0,0,1,0,1,0,1,0,5
355,5.0,3.0,1.0,1.0,1.0,1,1.0,1.0,1.0,4.0,21.0,168.0,50.0,1.0,1,0,0,1,1,0,0,0,0,0,1,0,0,1,0,1,2
356,3.0,2.0,2.0,3.0,1.0,5,2.0,2.0,4.0,3.0,20.0,177.0,75.0,3.0,0,1,0,1,0,0,0,0,0,1,1,0,0,1,0,1,4
357,1.0,1.0,1.0,1.0,2.0,1,2.0,1.0,1.0,2.0,19.0,189.0,83.0,1.0,0,1,1,0,0,0,0,0,0,1,1,0,1,0,1,0,0
358,3.0,2.0,2.0,2.0,5.0,3,2.0,1.0,5.0,2.0,21.0,168.0,53.0,1.0,1,0,0,1,1,0,0,0,0,0,1,0,0,1,0,1,2
359,1.0,3.0,1.0,1.0,1.0,2,1.0,5.0,2.0,1.0,22.0,176.0,70.0,1.0,0,1,0,1,1,0,0,0,0,0,0,1,0,1,0,1,4
360,2.0,1.0,2.0,1.0,2.0,1,2.0,2.0,4.0,2.0,19.0,185.0,75.0,2.0,0,1,0,1,0,0,0,0,0,1,1,0,1,0,1,0,4
361,1.0,1.0,1.0,1.0,1.0,1,1.0,2.0,2.0,3.0,20.0,178.0,74.0,0.0,0,1,0,1,0,0,0,0,0,1,0,1,0,1,1,0,4
362,2.0,3.0,3.0,3.0,4.0,4,4.0,3.0,5.0,1.0,22.0,178.0,66.0,0.0,0,1,0,1,1,0,0,0,0,0,0,1,1,0,1,0,5
363,1.0,1.0,3.0,1.0,2.0,1,1.0,1.0,3.0,3.0,19.0,187.0,69.0,1.0,0,1,0,1,0,0,0,0,0,1,1,0,1,0,1,0,4
364,2.0,1.0,5.0,2.0,2.0,1,1.0,3.0,2.0,3.0,18.0,171.0,62.0,1.0,1,0,0,1,0,0,0,0,0,1,1,0,1,0,1,0,5
365,1.0,1.0,1.0,2.0,1.0,3,1.0,5.0,2.0,4.0,19.0,185.0,74.0,1.0,0,1,0,1,0,0,0,0,1,0,1,0,1,0,1,0,4
366,4.0,2.0,5.0,2.0,5.0,5,4.0,3.0,4.0,1.0,23.0,174.0,62.0,1.0,1,0,0,1,0,0,0,1,0,0,1,0,1,0,1,0,5
367,3.0,4.0,5.0,1.0,1.0,1,3.0,2.0,4.0,5.0,20.0,157.0,57.0,0.0,1,0,0,1,0,0,0,0,0,1,0,1,1,0,1,0,6
368,1.0,1.0,1.0,3.0,2.0,3,1.0,3.0,1.0,2.0,18.0,165.0,57.0,2.0,1,0,0,1,0,0,0,0,0,1,1,0,1,0,0,1,2
369,1.0,2.0,1.0,3.0,1.0,3,1.0,1.0,4.0,3.0,20.0,185.0,85.0,2.0,0,1,0,1,0,0,0,0,0,1,1,0,1,0,0,1,0
370,1.0,1.0,2.0,2.0,1.0,1,1.0,3.0,1.0,3.0,20.0,180.0,68.0,1.0,0,1,0,1,0,0,0,0,0,1,1,0,1,0,1,0,4
371,1.0,2.0,3.0,3.0,3.0,1,2.0,2.0,4.0,2.0,28.0,172.0,50.0,2.0,1,0,0,1,0,0,0,0,0,1,1,0,1,0,1,0,2
372,1.0,1.0,1.0,3.0,2.0,5,1.0,1.0,1.0,2.0,22.0,189.0,68.0,1.0,0,1,0,1,0,0,0,0,0,1,1,0,0,1,0,1,4
373,4.0,1.0,1.0,2.0,2.0,2,1.0,4.0,1.0,1.0,19.0,170.0,65.0,0.0,1,0,0,1,0,0,0,0,0,1,0,1,1,0,1,0,1
374,1.0,1.0,1.0,2.0,1.0,1,1.0,2.0,2.0,1.0,21.0,184.0,82.0,3.0,0,1,0,1,1,0,0,0,0,0,1,0,1,0,1,0,0
375,1.0,1.0,3.0,1.0,1.0,3,1.0,1.0,1.0,1.0,17.0,175.0,60.0,2.0,0,1,0,1,0,0,0,0,0,1,1,0,0,1,0,1,5
376,1.0,2.0,5.0,1.0,5.0,3,3.0,5.0,1.0,1.0,19.0,168.0,57.0,1.0,1,0,0,1,1,0,0,0,0,0,1,0,1,0,1,0,2
377,3.0,1.0,3.0,2.0,2.0,3,1.0,5.0,3.0,3.0,25.0,190.0,82.0,3.0,0,1,0,1,0,0,0,1,0,0,1,0,1,0,1,0,0
378,4.0,3.0,3.0,3.0,5.0,5,5.0,2.0,5.0,2.0,20.0,170.0,52.0,1.0,1,0,0,1,0,0,0,0,0,1,1,0,0,1,0,1,2
379,1.0,2.0,2.0,4.0,4.0,5,5.0,4.0,4.0,1.0,26.0,194.0,85.0,2.0,0,1,0,1,1,0,0,0,0,0,1,0,1,0,1,0,0
380,1.0,2.0,1.0,1.0,3.0,4,3.0,1.0,2.0,2.0,20.0,175.0,53.0,2.0,1,0,0,1,0,0,0,0,0,1,1,0,1,0,1,0,2
381,1.0,1.0,1.0,4.0,1.0,1,2.0,4.0,5.0,3.0,21.0,175.0,75.0,2.0,0,1,0,1,0,0,0,1,0,0,0,1,1,0,0,1,4
382,5.0,3.0,1.0,3.0,3.0,3,3.0,3.0,5.0,3.0,20.0,176.0,70.0,3.0,0,1,0,1,0,0,0,0,0,1,1,0,0,1,1,0,4
383,1.0,1.0,1.0,1.0,1.0,2,1.0,2.0,5.0,1.0,27.0,178.0,77.0,3.0,0,1,0,1,0,0,0,1,0,0,1,0,0,1,0,1,4
384,1.0,1.0,2.0,3.0,1.0,1,1.0,1.0,4.0,1.0,21.0,203.0,80.0,2.0,0,1,1,0,0,0,0,0,0,1,1,0,0,1,0,1,0
385,1.0,1.0,4.0,3.0,5.0,4,4.0,1.0,4.0,4.0,17.0,163.0,49.0,3.0,1,0,1,0,0,0,0,0,1,0,0,1,0,1,0,1,6
386,1.0,4.0,4.0,3.0,5.0,4,4.0,5.0,4.0,3.0,18.0,170.0,53.0,1.0,1,0,0,1,0,0,0,0,0,1,0,1,0,1,0,1,2
387,3.0,2.0,2.0,3.0,2.0,3,2.0,2.0,3.0,3.0,19.0,178.0,65.0,0.0,0,1,0,1,1,0,0,0,0,0,0,1,0,1,0,1,5
388,1.0,4.0,4.0,5.0,1.0,5,1.0,3.0,5.0,5.0,21.0,167.0,63.0,1.0,1,0,0,1,1,0,0,0,0,0,0,1,0,1,0,1,1
389,1.0,3.0,5.0,5.0,5.0,5,4.0,5.0,4.0,5.0,20.0,170.0,55.0,2.0,1,0,0,1,1,0,0,0,0,0,1,0,1,0,1,0,2
390,1.0,3.0,3.0,2.0,1.0,5,3.0,5.0,4.0,3.0,20.0,173.0,55.0,1.0,1,0,0,1,0,0,0,0,0,1,0,1,0,1,0,1,2
391,3.0,1.0,2.0,2.0,2.0,1,1.0,3.0,2.0,3.0,20.0,185.0,86.0,1.0,0,1,0,1,0,0,0,0,0,1,1,0,1,0,1,0,0
392,1.0,1.0,1.0,1.0,5.0,5,5.0,1.0,2.0,1.0,20.0,180.0,75.0,2.0,0,1,0,1,1,0,0,0,0,0,1,0,0,1,0,1,4
393,2.0,1.0,2.0,4.0,3.0,5,2.0,1.0,2.0,5.0,19.0,175.0,76.0,1.0,1,0,0,1,0,0,0,0,0,1,1,0,0,1,0,1,4
394,2.0,5.0,3.0,3.0,3.0,5,4.0,4.0,5.0,3.0,23.0,172.0,64.0,1.0,1,0,0,1,1,0,0,0,0,0,1,0,1,0,1,0,5
395,4.0,2.0,3.0,1.0,2.0,3,2.0,1.0,3.0,2.0,20.0,165.0,48.0,1.0,1,0,0,1,1,0,0,0,0,0,1,0,1,0,0,1,6
396,1.0,1.0,1.0,3.0,5.0,5,5.0,1.0,1.0,3.0,17.0,183.0,75.0,3.0,0,1,0,1,0,0,0,0,1,0,1,0,1,0,1,0,4
397,1.0,1.0,1.0,1.0,1.0,1,1.0,1.0,1.0,2.0,20.0,178.0,58.0,1.0,1,0,0,1,0,0,0,0,0,1,1,0,0,1,0,1,5
398,2.0,2.0,2.0,2.0,2.0,3,3.0,4.0,4.0,2.0,21.0,169.0,65.0,1.0,1,0,0,1,0,0,0,0,0,1,1,0,1,0,0,1,1
399,1.0,1.0,1.0,2.0,4.0,1,1.0,1.0,1.0,2.0,21.0,178.0,78.0,3.0,0,1,0,1,0,0,0,0,0,1,1,0,1,0,0,1,4
400,3.0,3.0,4.0,3.0,5.0,5,5.0,2.0,5.0,2.0,19.0,160.0,43.0,1.0,1,0,0,1,0,0,0,0,0,1,1,0,1,0,1,0,6
401,3.0,3.0,1.0,1.0,4.0,5,2.0,4.0,5.0,4.0,20.0,175.0,75.0,0.0,1,0,0,1,0,0,0,0,0,1,0,1,0,1,0,1,4
402,4.0,2.0,2.0,4.0,2.0,4,1.0,2.0,3.0,4.0,19.0,195.0,95.0,0.0,0,1,0,1,1,0,0,0,0,0,0,1,1,0,1,0,0
403,2.0,2.0,2.0,2.0,4.0,4,2.0,3.0,3.0,2.0,22.0,172.0,70.0,3.0,0,1,0,1,1,0,0,0,0,0,1,0,1,0,1,0,1
404,2.0,1.0,4.0,2.0,1.0,1,1.0,1.0,2.0,2.0,22.0,190.0,80.0,1.0,0,1,0,1,1,0,0,0,0,0,1,0,1,0,1,0,0
405,3.0,1.0,1.0,3.0,3.0,3,3.0,3.0,3.0,4.0,28.0,178.0,65.0,1.0,1,0,1,0,0,0,0,1,0,0,1,0,1,0,1,0,5
406,5.0,4.0,3.0,3.0,3.0,5,3.0,4.0,5.0,3.0,21.0,185.0,80.0,1.0,0,1,0,1,0,0,0,0,0,1,1,0,1,0,1,0,0
407,2.0,3.0,3.0,1.0,3.0,3,1.0,1.0,2.0,2.0,17.0,165.0,65.0,3.0,1,0,0,1,0,0,0,0,1,0,1,0,1,0,1,0,1
408,1.0,2.0,2.0,1.0,5.0,5,4.0,2.0,5.0,3.0,21.0,170.0,52.0,1.0,1,0,0,1,0,0,0,0,0,1,0,1,1,0,1,0,2
409,1.0,5.0,3.0,1.0,5.0,1,1.0,2.0,1.0,1.0,17.0,173.0,66.0,1.0,1,0,0,1,0,0,0,0,1,0,1,0,0,1,1,0,5
410,2.0,2.0,1.0,2.0,1.0,1,1.0,3.0,4.0,2.0,28.0,182.0,88.0,1.0,0,1,0,1,0,0,0,1,0,0,1,0,1,0,1,0,0
411,5.0,1.0,5.0,1.0,1.0,4,2.0,3.0,3.0,3.0,20.0,160.0,55.0,1.0,1,0,0,1,1,0,0,0,0,0,1,0,1,0,1,0,6
412,2.0,2.0,2.0,3.0,2.0,1,1.0,1.0,2.0,2.0,21.0,172.0,52.0,1.0,1,0,0,1,0,0,0,0,0,1,1,0,1,0,1,0,2
413,3.0,2.0,2.0,2.0,1.0,3,2.0,5.0,5.0,1.0,23.0,189.0,87.0,1.0,0,1,0,1,1,0,0,0,0,0,1,0,1,0,1,0,0
414,2.0,1.0,1.0,5.0,1.0,1,1.0,1.0,3.0,5.0,17.0,168.0,67.0,1.0,0,1,0,1,0,0,0,0,1,0,0,1,0,1,0,1,1
415,3.0,1.0,2.0,2.0,1.0,4,4.0,3.0,4.0,5.0,19.0,178.0,68.0,1.0,0,1,0,1,0,0,0,0,0,1,1,0,1,0,1,0,5
416,1.0,1.0,2.0,4.0,4.0,3,2.0,5.0,3.0,4.0,19.0,170.0,80.0,1.0,0,1,1,0,0,0,0,0,0,1,1,0,1,0,1,0,4
417,3.0,1.0,2.0,4.0,2.0,2,2.0,3.0,3.0,3.0,19.0,184.0,84.0,1.0,0,1,0,1,0,0,0,0,0,1,1,0,1,0,1,0,0
418,3.0,3.0,4.0,2.0,5.0,3,1.0,1.0,3.0,2.0,18.0,171.0,54.0,0.0,1,0,0,1,0,0,0,0,0,1,0,1,1,0,1,0,2
419,3.0,4.0,4.0,3.0,3.0,5,4.0,2.0,5.0,2.0,19.0,164.0,55.0,1.0,1,0,0,1,0,0,0,0,0,1,1,0,0,1,1,0,2
420,2.0,3.0,5.0,4.0,5.0,5,3.0,3.0,5.0,5.0,21.0,170.0,53.0,1.0,1,0,0,1,0,0,0,0,0,1,1,0,1,0,1,0,2
421,1.0,1.0,1.0,1.0,5.0,5,1.0,3.0,2.0,4.0,21.0,185.0,65.0,1.0,0,1,1,0,1,0,0,0,0,0,1,0,0,1,0,1,5
422,3.0,1.0,2.0,3.0,5.0,2,2.0,4.0,3.0,4.0,20.0,183.0,83.0,1.0,0,1,0,1,0,0,0,0,0,1,1,0,1,0,0,1,0
423,1.0,4.0,4.0,3.0,4.0,4,3.0,2.0,3.0,3.0,18.0,168.0,57.0,0.0,1,0,0,1,0,0,0,0,0,1,0,1,1,0,1,0,2
424,1.0,3.0,3.0,3.0,3.0,3,3.0,3.0,3.0,1.0,23.0,172.0,110.0,2.0,0,1,0,1,0,0,0,0,0,1,1,0,0,1,1,0,3
425,4.0,2.0,4.0,4.0,5.0,5,4.0,3.0,2.0,4.0,18.0,162.0,58.0,1.0,1,0,0,1,0,0,0,0,0,1,1,0,1,0,1,0,2
426,5.0,3.0,1.0,5.0,1.0,5,1.0,5.0,1.0,1.0,22.0,164.0,64.0,1.0,1,0,0,1,0,0,0,0,0,1,1,0,0,1,0,1,1
427,1.0,1.0,1.0,1.0,1.0,1,1.0,1.0,1.0,1.0,19.0,178.0,71.0,1.0,0,1,0,1,0,0,0,0,0,1,0,1,1,0,1,0,4
428,1.0,1.0,1.0,1.0,3.0,1,1.0,1.0,1.0,3.0,23.0,173.0,65.0,0.0,1,0,0,1,1,0,0,0,0,0,0,1,1,0,1,0,5
429,1.0,1.0,2.0,2.0,3.0,5,2.0,4.0,3.0,1.0,27.0,175.0,83.0,4.0,0,1,0,1,0,0,0,0,0,1,1,0,1,0,1,0,4
430,1.0,1.0,1.0,1.0,3.0,3,1.0,2.0,2.0,4.0,20.0,183.0,75.0,2.0,0,1,0,1,0,0,0,0,0,1,1,0,1,0,1,0,4
431,5.0,2.0,3.0,2.0,2.0,4,1.0,4.0,1.0,1.0,18.0,161.0,74.0,1.0,1,0,0,1,0,0,0,0,1,0,1,0,1,0,1,0,1
432,1.0,3.0,3.0,3.0,5.0,5,5.0,1.0,4.0,1.0,19.0,163.0,50.0,1.0,1,0,0,1,0,0,0,0,0,1,0,1,1,0,1,0,6
433,3.0,4.0,4.0,5.0,2.0,2,4.0,3.0,2.0,3.0,22.0,162.0,60.0,0.0,1,0,0,1,0,0,0,0,0,1,1,0,0,1,1,0,2
434,1.0,1.0,1.0,1.0,1.0,1,1.0,3.0,1.0,4.0,19.0,172.0,68.0,0.0,0,1,0,1,0,0,0,0,0,1,0,1,1,0,1,0,1
435,1.0,1.0,2.0,2.0,1.0,1,1.0,4.0,3.0,4.0,17.0,178.0,80.0,1.0,0,1,0,1,0,0,0,0,1,0,1,0,0,1,0,1,4
436,1.0,1.0,1.0,4.0,1.0,3,1.0,1.0,3.0,1.0,21.0,180.0,67.0,2.0,0,1,0,1,0,0,0,0,0,1,1,0,1,0,1,0,5
437,1.0,1.0,2.0,1.0,4.0,3,2.0,2.0,3.0,2.0,19.0,170.0,63.0,1.0,1,0,0,1,0,0,0,0,0,1,1,0,0,1,0,1,1
438,3.0,1.0,2.0,5.0,3.0,2,1.0,3.0,3.0,4.0,18.0,178.0,70.0,1.0,0,1,0,1,0,0,0,0,1,0,1,0,1,0,1,0,4
439,1.0,3.0,1.0,2.0,5.0,5,5.0,3.0,5.0,3.0,21.0,173.0,53.0,3.0,1,0,0,1,1,0,0,0,0,0,1,0,1,0,0,1,2
440,2.0,2.0,3.0,4.0,2.0,2,2.0,5.0,2.0,3.0,17.0,175.0,76.0,2.0,0,1,0,1,0,0,0,0,0,1,1,0,1,0,1,0,4
441,1.0,2.0,2.0,5.0,1.0,1,1.0,3.0,5.0,4.0,22.0,180.0,89.0,0.0,0,1,0,1,0,0,0,0,0,1,0,1,1,0,0,1,0
442,1.0,3.0,1.0,2.0,1.0,2,1.0,2.0,4.0,3.0,23.0,179.0,77.0,1.0,0,1,0,1,0,0,0,0,0,1,0,1,0,1,0,1,4
443,3.0,4.0,4.0,3.0,4.0,4,4.0,4.0,5.0,3.0,23.0,158.0,64.0,3.0,1,0,0,1,0,0,0,1,0,0,1,0,1,0,1,0,1
444,2.0,1.0,1.0,2.0,2.0,2,4.0,4.0,3.0,3.0,20.0,188.0,79.0,1.0,0,1,1,0,0,0,0,0,0,1,1,0,1,0,0,1,0
445,3.0,1.0,2.0,3.0,4.0,4,4.0,2.0,4.0,3.0,21.0,193.0,75.0,0.0,0,1,0,1,0,0,0,0,0,1,0,1,1,0,1,0,0
446,1.0,1.0,3.0,3.0,2.0,3,4.0,1.0,2.0,2.0,22.0,165.0,52.0,0.0,1,0,1,0,1,0,0,0,0,0,0,1,0,1,1,0,2
447,2.0,2.0,2.0,3.0,4.0,5,5.0,3.0,3.0,2.0,24.0,178.0,80.0,2.0,0,1,0,1,0,0,0,0,0,1,1,0,0,1,0,1,4
448,3.0,2.0,4.0,3.0,4.0,4,4.0,3.0,5.0,4.0,19.0,174.0,70.0,1.0,1,0,0,1,0,0,0,0,0,1,1,0,0,1,0,1,1
449,1.0,1.0,1.0,1.0,1.0,1,1.0,1.0,2.0,1.0,22.0,176.0,74.0,3.0,0,1,0,1,0,0,0,0,0,1,1,0,1,0,1,0,4
450,1.0,2.0,2.0,3.0,2.0,2,3.0,4.0,3.0,3.0,19.0,165.0,70.0,1.0,1,0,0,1,0,0,0,0,0,1,0,1,1,0,1,0,1
451,1.0,3.0,3.0,3.0,4.0,5,3.0,1.0,4.0,5.0,21.0,162.0,52.0,1.0,1,0,0,1,0,0,0,0,0,1,1,0,1,0,0,1,6
452,1.0,1.0,1.0,2.0,3.0,1,1.0,3.0,4.0,4.0,20.0,173.0,50.0,1.0,1,0,1,0,0,0,0,0,0,1,1,0,1,0,1,0,2
453,1.0,1.0,2.0,1.0,2.0,1,1.0,2.0,1.0,3.0,20.0,164.0,60.0,2.0,1,0,0,1,0,0,0,0,0,1,1,0,1,0,1,0,2
454,1.0,1.0,2.0,2.0,2.0,2,1.0,1.0,1.0,4.0,23.0,172.0,77.0,1.0,0,1,0,1,0,0,0,0,0,1,1,0,1,0,1,0,4
455,1.0,1.0,1.0,1.0,1.0,1,1.0,1.0,1.0,2.0,23.0,170.0,60.0,1.0,1,0,0,1,0,0,0,0,0,1,1,0,1,0,1,0,2
456,2.0,2.0,5.0,5.0,2.0,3,5.0,5.0,4.0,3.0,22.0,165.0,57.0,2.0,1,0,0,1,1,0,0,0,0,0,1,0,1,0,1,0,2
457,1.0,3.0,2.0,1.0,5.0,5,3.0,5.0,5.0,4.0,28.0,166.0,60.0,1.0,1,0,0,1,0,0,0,1,0,0,1,0,1,0,1,0,2
458,3.0,1.0,1.0,3.0,4.0,3,1.0,3.0,3.0,2.0,22.0,170.0,52.0,2.0,1,0,0,1,0,0,0,0,0,1,1,0,1,0,1,0,2
459,1.0,1.0,1.0,2.0,1.0,3,3.0,3.0,2.0,3.0,18.0,173.0,67.0,1.0,0,1,0,1,1,0,0,0,0,0,1,0,1,0,1,0,1
460,4.0,5.0,3.0,2.0,4.0,3,3.0,2.0,5.0,4.0,25.0,165.0,75.0,1.0,1,0,0,1,0,0,0,0,0,1,1,0,1,0,0,1,1
461,1.0,1.0,1.0,1.0,3.0,1,3.0,3.0,1.0,5.0,23.0,162.0,65.0,1.0,1,0,0,1,1,0,0,0,0,0,1,0,1,0,1,0,1
462,3.0,1.0,2.0,1.0,1.0,2,3.0,3.0,5.0,5.0,21.0,185.0,70.0,0.0,1,0,1,0,0,0,0,0,0,1,0,1,1,0,1,0,4
463,1.0,3.0,2.0,1.0,5.0,3,1.0,1.0,1.0,3.0,25.0,160.0,55.0,1.0,1,0,0,1,1,0,0,0,0,0,1,0,1,0,1,0,6
464,3.0,2.0,4.0,4.0,5.0,4,1.0,1.0,1.0,4.0,28.0,180.0,70.0,1.0,1,0,0,1,0,0,0,1,0,0,1,0,1,0,1,0,4
465,3.0,1.0,1.0,2.0,2.0,5,3.0,2.0,4.0,3.0,19.0,172.0,75.0,4.0,0,1,0,1,0,0,0,0,0,1,1,0,0,1,0,1,4
466,4.0,4.0,4.0,3.0,3.0,3,5.0,1.0,3.0,4.0,28.0,165.0,57.0,1.0,1,0,0,1,0,0,0,0,0,1,1,0,0,1,0,1,2
467,1.0,2.0,1.0,1.0,5.0,5,5.0,3.0,5.0,3.0,18.0,165.0,48.0,2.0,1,0,0,1,0,0,0,0,0,1,1,0,1,0,1,0,6
468,2.0,1.0,2.0,3.0,1.0,4,2.0,1.0,2.0,3.0,18.0,174.0,64.0,1.0,0,1,0,1,0,0,0,0,0,1,1,0,1,0,0,1,5
469,1.0,1.0,3.0,3.0,4.0,5,4.0,1.0,5.0,4.0,18.0,182.0,63.0,1.0,0,1,0,1,0,0,0,0,0,1,1,0,1,0,1,0,5
470,1.0,2.0,2.0,2.0,5.0,5,4.0,3.0,3.0,4.0,17.0,168.0,70.0,0.0,1,0,0,1,1,0,0,0,0,0,0,1,1,0,0,1,1
471,2.0,3.0,3.0,3.0,1.0,1,1.0,3.0,2.0,3.0,21.0,168.0,62.0,1.0,0,1,0,1,1,0,0,0,0,0,0,1,1,0,1,0,1
472,2.0,2.0,1.0,1.0,3.0,5,2.0,1.0,2.0,1.0,21.0,187.0,73.0,4.0,0,1,0,1,1,0,0,0,0,0,1,0,1,0,0,1,4
473,2.0,4.0,3.0,3.0,5.0,3,2.0,1.0,1.0,3.0,23.0,167.0,70.0,0.0,1,0,0,1,1,0,0,0,0,0,0,1,1,0,0,1,1
474,1.0,3.0,3.0,2.0,5.0,5,5.0,1.0,4.0,5.0,20.0,168.0,76.0,1.0,1,0,0,1,0,0,0,0,0,1,1,0,1,0,1,0,1
475,3.0,2.0,2.0,2.0,2.0,4,3.0,3.0,2.0,3.0,20.0,170.0,50.0,1.0,1,0,0,1,0,0,0,0,0,1,1,0,1,0,1,0,2
476,1.0,3.0,3.0,3.0,2.0,5,5.0,3.0,5.0,1.0,26.0,168.0,65.0,3.0,1,0,0,1,1,0,0,0,0,0,1,0,0,1,0,1,1
477,1.0,1.0,1.0,1.0,3.0,1,1.0,2.0,1.0,2.0,21.0,175.0,70.0,1.0,1,0,0,1,1,0,0,0,0,0,1,0,1,0,1,0,4
478,1.0,1.0,2.0,2.0,4.0,4,4.0,1.0,3.0,1.0,19.0,185.0,83.0,2.0,0,1,0,1,0,0,0,0,0,1,1,0,1,0,1,0,0
479,1.0,1.0,4.0,1.0,5.0,4,2.0,3.0,4.0,3.0,21.0,171.0,60.0,2.0,1,0,0,1,0,0,0,0,0,1,1,0,0,1,0,1,2
480,1.0,4.0,1.0,1.0,1.0,5,1.0,1.0,1.0,3.0,22.0,172.0,60.0,1.0,1,0,0,1,1,0,0,0,0,0,1,0,0,1,1,0,5
481,1.0,1.0,1.0,2.0,1.0,2,3.0,5.0,3.0,4.0,21.0,162.0,51.0,1.0,1,0,0,1,0,0,0,0,0,1,1,0,0,1,0,1,6
482,1.0,2.0,2.0,2.0,1.0,1,2.0,3.0,2.0,4.0,17.0,167.0,70.0,0.0,1,0,0,1,1,0,0,0,0,0,0,1,1,0,0,1,1
483,3.0,1.0,1.0,2.0,2.0,1,1.0,5.0,2.0,1.0,20.0,163.0,52.0,1.0,1,0,0,1,0,0,0,0,0,1,1,0,1,0,1,0,6
484,3.0,2.0,4.0,5.0,2.0,5,4.0,1.0,4.0,3.0,22.0,170.0,55.0,1.0,1,0,0,1,0,0,0,0,0,1,1,0,0,1,1,0,2
485,1.0,4.0,3.0,4.0,5.0,3,3.0,4.0,3.0,1.0,19.0,168.0,60.0,2.0,1,0,0,1,1,0,0,0,0,0,1,0,0,1,0,1,2
486,1.0,4.0,4.0,4.0,4.0,4,4.0,1.0,4.0,5.0,25.0,164.0,63.0,0.0,1,0,0,1,0,0,0,1,0,0,0,1,0,1,0,1,1
487,1.0,2.0,2.0,2.0,2.0,1,1.0,1.0,2.0,2.0,29.0,183.0,111.0,1.0,0,1,1,0,0,0,0,0,0,1,1,0,0,1,0,1,3
488,1.0,1.0,2.0,3.0,3.0,1,1.0,1.0,3.0,3.0,29.0,173.0,81.0,2.0,0,1,0,1,0,0,0,0,0,1,1,0,0,1,0,1,4
489,1.0,1.0,1.0,2.0,3.0,4,1.0,1.0,3.0,3.0,17.0,173.0,54.0,1.0,1,0,0,1,0,0,0,0,1,0,1,0,1,0,1,0,2
490,1.0,2.0,2.0,2.0,2.0,2,2.0,2.0,3.0,3.0,19.0,185.0,75.0,2.0,0,1,1,0,0,0,0,0,0,1,1,0,1,0,1,0,4
491,1.0,1.0,3.0,1.0,1.0,2,1.0,1.0,5.0,5.0,18.0,170.0,75.0,2.0,1,0,0,1,0,0,0,0,0,1,1,0,1,0,1,0,1
492,1.0,1.0,1.0,1.0,3.0,1,1.0,1.0,1.0,1.0,20.0,174.0,60.0,3.0,1,0,0,1,1,0,0,0,0,0,1,0,1,0,1,0,5
493,1.0,2.0,2.0,1.0,5.0,3,1.0,2.0,2.0,2.0,19.0,180.0,70.0,1.0,1,0,0,1,0,0,0,0,1,0,1,0,1,0,1,0,4
494,1.0,1.0,1.0,4.0,1.0,1,1.0,3.0,1.0,4.0,19.0,176.0,66.0,0.0,0,1,0,1,0,0,0,0,0,1,0,1,0,1,0,1,5
495,3.0,1.0,1.0,5.0,3.0,5,5.0,2.0,3.0,3.0,19.0,175.0,80.0,1.0,0,1,1,0,0,0,0,0,0,1,0,1,0,1,0,1,4
496,1.0,1.0,3.0,1.0,5.0,5,5.0,5.0,3.0,1.0,18.0,180.0,75.0,1.0,1,0,0,1,0,0,0,0,1,0,1,0,0,1,0,1,4
497,1.0,2.0,1.0,1.0,1.0,1,1.0,2.0,4.0,3.0,18.0,163.0,57.0,1.0,1,0,0,1,1,0,0,0,0,0,1,0,1,0,1,0,2
498,3.0,2.0,2.0,2.0,2.0,4,4.0,2.0,2.0,2.0,19.0,170.0,63.0,0.0,1,0,0,1,0,0,0,0,0,1,0,1,0,1,1,0,1
499,1.0,2.0,1.0,3.0,1.0,2,1.0,2.0,4.0,2.0,19.0,168.0,56.0,3.0,1,0,0,1,0,0,0,0,0,1,1,0,1,0,1,0,2
500,3.0,3.0,4.0,3.0,3.0,2,4.0,5.0,3.0,3.0,21.0,180.0,61.0,0.0,1,0,0,1,1,0,0,0,0,0,0,1,1,0,1,0,5
501,1.0,1.0,2.0,1.0,2.0,2,1.0,1.0,1.0,1.0,23.0,165.0,60.0,0.0,0,1,0,1,1,0,0,0,0,0,0,1,1,0,1,0,2
502,1.0,1.0,1.0,1.0,3.0,5,3.0,3.0,1.0,3.0,17.0,182.0,84.0,1.0,0,1,0,1,0,0,0,0,0,1,1,0,1,0,0,1,0
503,1.0,1.0,1.0,1.0,1.0,1,1.0,1.0,1.0,1.0,18.0,173.0,65.0,3.0,1,0,0,1,0,0,0,0,0,1,1,0,1,0,1,0,5
504,1.0,1.0,2.0,4.0,2.0,2,3.0,1.0,3.0,2.0,26.0,183.0,90.0,5.0,0,1,0,1,0,0,0,1,0,0,1,0,0,1,0,1,0
505,1.0,1.0,1.0,2.0,1.0,1,1.0,1.0,1.0,2.0,22.0,186.0,65.0,0.0,0,1,0,1,1,0,0,0,0,0,0,1,1,0,1,0,5
506,1.0,1.0,3.0,1.0,1.0,1,1.0,1.0,5.0,5.0,18.0,170.0,75.0,2.0,1,0,0,1,0,0,0,0,0,1,1,0,1,0,1,0,1
507,3.0,1.0,1.0,3.0,3.0,3,3.0,1.0,2.0,3.0,17.0,175.0,64.0,0.0,0,1,0,1,0,0,0,0,0,1,0,1,1,0,0,1,5
508,1.0,1.0,1.0,1.0,1.0,1,1.0,1.0,2.0,1.0,22.0,175.0,86.0,6.0,1,0,1,0,1,0,0,0,0,0,1,0,1,0,1,0,0
509,1.0,1.0,1.0,1.0,1.0,1,1.0,3.0,1.0,4.0,21.0,168.0,49.0,1.0,1,0,0,1,0,0,0,0,0,1,1,0,1,0,1,0,2
510,2.0,5.0,4.0,1.0,2.0,4,5.0,4.0,5.0,4.0,21.0,162.0,51.0,3.0,1,0,0,1,1,0,0,0,0,0,1,0,0,1,0,1,6
511,2.0,2.0,2.0,3.0,2.0,4,2.0,3.0,2.0,3.0,19.0,171.0,49.0,3.0,1,0,0,1,0,0,0,0,0,1,1,0,0,1,0,1,2
512,3.0,2.0,1.0,1.0,2.0,2,2.0,1.0,1.0,1.0,26.0,186.0,98.0,1.0,0,1,0,1,1,0,0,0,0,0,0,1,1,0,0,1,0
513,1.0,2.0,5.0,2.0,2.0,4,4.0,2.0,4.0,4.0,19.0,159.0,52.0,3.0,1,0,0,1,1,0,0,0,0,0,1,0,0,1,0,1,6
514,1.0,2.0,2.0,2.0,2.0,5,3.0,1.0,3.0,3.0,20.0,197.0,100.0,1.0,0,1,0,1,1,0,0,0,0,0,1,0,0,1,0,1,0
515,4.0,1.0,3.0,4.0,3.0,3,2.0,3.0,3.0,3.0,25.0,167.0,49.0,1.0,1,0,0,1,1,0,0,0,0,0,0,1,1,0,0,1,2
516,1.0,1.0,1.0,1.0,1.0,1,1.0,1.0,1.0,1.0,23.0,192.0,86.0,1.0,0,1,0,1,0,0,0,0,0,1,1,0,1,0,1,0,0
517,1.0,1.0,1.0,1.0,1.0,1,1.0,1.0,1.0,1.0,24.0,190.0,84.0,1.0,0,1,0,1,1,0,0,0,0,0,0,1,1,0,0,1,0
518,1.0,2.0,2.0,3.0,5.0,5,5.0,4.0,5.0,4.0,19.0,172.0,50.0,2.0,1,0,0,1,1,0,0,0,0,0,1,0,0,1,0,1,2
519,1.0,1.0,1.0,1.0,1.0,1,1.0,1.0,3.0,3.0,18.0,186.0,76.0,1.0,0,1,0,1,0,0,0,0,0,1,1,0,0,1,0,1,4
520,1.0,1.0,2.0,3.0,4.0,5,4.0,2.0,3.0,4.0,26.0,185.0,92.0,1.0,0,1,0,1,0,0,0,1,0,0,1,0,1,0,1,0,0
521,2.0,2.0,2.0,2.0,2.0,2,2.0,2.0,2.0,2.0,19.0,167.0,63.0,0.0,1,0,0,1,0,0,0,0,0,1,0,1,1,0,1,0,1
522,1.0,2.0,3.0,4.0,5.0,4,3.0,2.0,1.0,2.0,16.0,170.0,54.0,2.0,1,0,0,1,1,0,0,0,0,0,1,0,1,0,0,1,2
523,2.0,1.0,3.0,2.0,1.0,4,3.0,2.0,4.0,4.0,18.0,174.0,64.0,0.0,0,1,0,1,0,0,0,0,0,1,0,1,1,0,1,0,5
524,3.0,2.0,2.0,2.0,4.0,5,5.0,4.0,4.0,4.0,20.0,170.0,53.0,1.0,1,0,0,1,0,0,0,0,0,1,1,0,1,0,0,1,2
525,2.0,2.0,2.0,2.0,5.0,5,4.0,3.0,2.0,4.0,17.0,168.0,70.0,0.0,1,0,0,1,1,0,0,0,0,0,0,1,1,0,0,1,1
526,4.0,2.0,2.0,2.0,2.0,2,4.0,2.0,2.0,2.0,20.0,171.0,62.0,0.0,1,0,1,0,0,0,0,0,0,1,0,1,1,0,1,0,5
527,3.0,2.0,2.0,2.0,3.0,5,3.0,3.0,3.0,2.0,19.0,165.0,51.0,3.0,1,0,0,1,1,0,0,0,0,0,1,0,1,0,1,0,6
528,1.0,3.0,3.0,2.0,5.0,2,1.0,1.0,4.0,1.0,17.0,167.0,48.0,0.0,1,0,0,1,0,0,0,0,0,1,0,1,0,1,0,1,6
529,2.0,1.0,2.0,3.0,1.0,5,3.0,2.0,3.0,3.0,18.0,174.0,64.0,1.0,0,1,0,1,0,0,0,0,0,1,1,0,1,0,1,0,5
530,1.0,3.0,1.0,1.0,1.0,2,1.0,3.0,5.0,4.0,20.0,171.0,63.0,1.0,1,0,0,1,0,0,0,0,0,1,1,0,1,0,1,0,1
531,2.0,4.0,5.0,4.0,2.0,1,1.0,3.0,3.0,3.0,17.0,170.0,55.0,3.0,1,0,0,1,0,0,0,0,0,1,1,0,0,1,0,1,2
532,1.0,1.0,1.0,1.0,2.0,2,4.0,1.0,2.0,2.0,19.0,190.0,80.0,1.0,0,1,1,0,0,0,0,0,0,1,1,0,1,0,1,0,0
533,2.0,2.0,3.0,2.0,1.0,1,1.0,2.0,2.0,1.0,16.0,177.0,70.0,1.0,0,1,0,1,0,0,0,0,1,0,1,0,1,0,1,0,4
534,2.0,1.0,2.0,2.0,2.0,5,4.0,1.0,3.0,2.0,19.0,162.0,52.0,1.0,1,0,0,1,0,0,0,0,0,1,1,0,1,0,1,0,6
535,3.0,3.0,3.0,4.0,1.0,1,4.0,4.0,5.0,4.0,21.0,192.0,93.0,1.0,0,1,0,1,0,0,0,1,0,0,1,0,0,1,0,1,0
536,3.0,3.0,3.0,4.0,1.0,5,5.0,1.0,3.0,3.0,24.0,185.0,120.0,2.0,0,1,0,1,0,0,1,0,0,0,1,0,1,0,0,1,3
537,1.0,1.0,1.0,1.0,1.0,5,1.0,1.0,1.0,3.0,23.0,190.0,95.0,1.0,0,1,0,1,0,0,0,0,0,1,1,0,1,0,1,0,0
538,1.0,1.0,1.0,1.0,5.0,5,3.0,3.0,1.0,5.0,30.0,173.0,69.0,0.0,1,0,0,1,0,0,0,0,0,1,0,1,1,0,1,0,1
539,5.0,3.0,4.0,5.0,5.0,5,3.0,4.0,3.0,4.0,27.0,189.0,113.0,3.0,0,1,1,0,0,0,1,0,0,0,1,0,1,0,0,1,3
540,3.0,2.0,1.0,2.0,1.0,1,1.0,2.0,1.0,2.0,19.0,185.0,65.0,1.0,0,1,0,1,0,0,0,0,0,1,1,0,1,0,1,0,5
541,1.0,1.0,1.0,2.0,3.0,1,5.0,2.0,3.0,3.0,18.0,160.0,55.0,2.0,1,0,0,1,0,0,0,0,0,1,1,0,1,0,1,0,6
542,2.0,1.0,3.0,2.0,3.0,3,2.0,2.0,2.0,4.0,18.0,203.0,89.0,2.0,0,1,0,1,0,0,0,0,0,1,0,1,1,0,1,0,0
543,3.0,2.0,1.0,1.0,3.0,4,2.0,4.0,2.0,1.0,17.0,185.0,70.0,2.0,0,1,0,1,0,0,0,0,0,1,1,0,1,0,1,0,4
544,1.0,2.0,3.0,5.0,5.0,2,1.0,4.0,1.0,3.0,19.0,172.0,60.0,0.0,1,0,0,1,0,0,0,0,0,1,0,1,1,0,1,0,5
545,1.0,1.0,1.0,5.0,5.0,5,4.0,3.0,3.0,4.0,21.0,173.0,62.0,1.0,1,0,0,1,0,0,0,0,0,1,1,0,0,1,0,1,5
546,4.0,4.0,3.0,3.0,5.0,5,5.0,5.0,5.0,4.0,17.0,165.0,53.0,3.0,1,0,1,0,0,0,0,0,1,0,1,0,1,0,1,0,2
547,1.0,1.0,1.0,1.0,4.0,5,2.0,3.0,3.0,3.0,20.0,187.0,95.0,0.0,0,1,0,1,0,0,0,0,0,1,0,1,1,0,1,0,0
548,1.0,1.0,1.0,2.0,2.0,2,1.0,1.0,3.0,3.0,20.0,181.0,73.0,1.0,0,1,0,1,1,0,0,0,0,0,1,0,1,0,1,0,4
549,1.0,1.0,1.0,2.0,1.0,5,1.0,1.0,4.0,2.0,18.0,176.0,76.0,0.0,0,1,0,1,0,0,0,0,0,1,0,1,1,0,1,0,4
550,1.0,3.0,4.0,5.0,5.0,5,4.0,5.0,4.0,1.0,20.0,180.0,90.0,1.0,0,1,0,1,1,0,0,0,0,0,1,0,1,0,0,1,0
551,4.0,1.0,2.0,2.0,3.0,2,3.0,4.0,3.0,3.0,20.0,178.0,66.0,1.0,0,1,0,1,0,0,0,0,0,1,1,0,1,0,1,0,5
552,5.0,3.0,2.0,4.0,1.0,5,2.0,3.0,4.0,4.0,17.0,175.0,60.0,1.0,1,0,0,1,0,0,0,0,0,1,1,0,1,0,1,0,5
553,1.0,2.0,3.0,4.0,5.0,1,3.0,5.0,5.0,1.0,21.0,180.0,63.0,0.0,0,1,0,1,0,0,0,0,0,1,0,1,1,0,1,0,5
554,1.0,2.0,2.0,2.0,1.0,1,1.0,1.0,1.0,1.0,23.0,170.0,70.0,0.0,0,1,0,1,0,0,0,0,1,0,0,1,1,0,1,0,1
555,2.0,1.0,1.0,5.0,1.0,1,1.0,1.0,1.0,5.0,24.0,178.0,80.0,2.0,0,1,0,1,0,0,0,0,0,1,1,0,0,1,0,1,4
556,5.0,2.0,2.0,1.0,2.0,3,2.0,1.0,1.0,1.0,17.0,160.0,48.0,0.0,1,0,0,1,0,0,0,0,0,1,0,1,1,0,1,0,6
557,3.0,1.0,1.0,3.0,4.0,5,3.0,1.0,3.0,3.0,18.0,162.0,55.0,1.0,1,0,0,1,0,0,0,0,0,1,1,0,1,0,1,0,6
558,4.0,2.0,3.0,5.0,3.0,5,4.0,3.0,3.0,4.0,17.0,185.0,99.0,1.0,0,1,0,1,0,0,0,0,0,1,1,0,1,0,0,1,0
559,2.0,2.0,2.0,3.0,3.0,4,1.0,1.0,1.0,4.0,19.0,175.0,60.0,1.0,1,0,0,1,0,0,0,0,0,1,1,0,1,0,1,0,5
560,2.0,2.0,1.0,1.0,2.0,2,3.0,4.0,5.0,2.0,21.0,188.0,81.0,0.0,0,1,0,1,0,0,0,0,0,1,0,1,1,0,1,0,0
561,2.0,2.0,5.0,1.0,1.0,1,1.0,5.0,1.0,2.0,29.0,170.0,58.0,1.0,1,0,0,1,1,0,0,0,0,0,1,0,1,0,0,1,2
562,1.0,2.0,3.0,3.0,4.0,3,4.0,1.0,4.0,2.0,20.0,158.0,55.0,1.0,1,0,0,1,0,0,0,0,0,1,1,0,0,1,0,1,6
563,2.0,3.0,2.0,3.0,2.0,2,2.0,2.0,4.0,2.0,20.0,168.0,55.0,1.0,1,0,0,1,0,0,0,0,0,1,1,0,1,0,1,0,2
564,1.0,1.0,2.0,5.0,4.0,1,1.0,1.0,1.0,1.0,20.0,162.0,50.0,0.0,1,0,0,1,1,0,0,0,0,0,0,1,1,0,1,0,6
565,1.0,1.0,3.0,2.0,2.0,5,2.0,2.0,2.0,1.0,19.0,193.0,77.0,1.0,0,1,0,1,0,0,0,0,0,1,0,1,1,0,1,0,0
566,5.0,1.0,4.0,4.0,4.0,3,2.0,3.0,2.0,4.0,21.0,179.0,76.0,1.0,0,1,0,1,0,0,0,0,0,1,1,0,1,0,1,0,4
567,1.0,2.0,1.0,1.0,3.0,2,1.0,4.0,3.0,1.0,19.0,190.0,76.0,0.0,0,1,0,1,0,0,0,0,0,1,0,1,1,0,1,0,4
568,1.0,1.0,1.0,3.0,1.0,1,1.0,4.0,1.0,3.0,19.0,187.0,88.0,0.0,0,1,0,1,0,0,0,0,0,1,0,1,1,0,1,0,0
569,2.0,1.0,3.0,2.0,5.0,4,3.0,2.0,3.0,3.0,21.0,170.0,58.0,0.0,1,0,0,1,1,0,0,0,0,0,0,1,1,0,1,0,2
570,3.0,3.0,3.0,1.0,2.0,2,2.0,5.0,4.0,2.0,23.0,163.0,68.0,1.0,1,0,0,1,0,0,0,1,0,0,1,0,1,0,1,0,1
571,2.0,2.0,3.0,2.0,2.0,4,2.0,4.0,5.0,3.0,24.0,169.0,53.0,1.0,1,0,0,1,1,0,0,0,0,0,1,0,1,0,0,1,2
572,1.0,1.0,1.0,1.0,1.0,3,1.0,1.0,3.0,1.0,30.0,184.0,78.0,2.0,0,1,0,1,0,0,0,1,0,0,1,0,1,0,1,0,4
573,5.0,2.0,2.0,4.0,5.0,5,5.0,4.0,5.0,3.0,23.0,171.0,54.0,4.0,1,0,0,1,0,0,0,0,0,1,1,0,1,0,1,0,2
574,1.0,1.0,1.0,1.0,1.0,1,1.0,1.0,1.0,1.0,19.0,184.0,60.0,4.0,0,1,0,1,1,0,0,0,0,0,1,0,1,0,1,0,5
575,3.0,4.0,1.0,2.0,5.0,1,1.0,3.0,2.0,4.0,17.0,175.0,68.0,0.0,1,0,0,1,0,0,0,0,0,1,0,1,1,0,1,0,5
576,1.0,1.0,2.0,2.0,2.0,2,1.0,2.0,2.0,1.0,19.0,175.0,75.0,2.0,0,1,0,1,0,0,0,0,0,1,1,0,0,1,0,1,4
577,3.0,1.0,2.0,4.0,5.0,5,3.0,4.0,2.0,1.0,27.0,180.0,75.0,0.0,0,1,1,0,1,0,0,0,0,0,0,1,1,0,1,0,4
578,4.0,1.0,1.0,1.0,4.0,4,1.0,2.0,3.0,5.0,19.0,180.0,90.0,1.0,0,1,0,1,1,0,0,0,0,0,1,0,1,0,0,1,0
579,2.0,2.0,2.0,2.0,4.0,5,5.0,1.0,4.0,2.0,17.0,156.0,51.0,1.0,1,0,0,1,0,0,0,0,0,1,1,0,1,0,1,0,6
580,1.0,1.0,2.0,1.0,2.0,4,1.0,5.0,3.0,3.0,20.0,192.0,80.0,1.0,0,1,0,1,0,0,0,0,0,1,1,0,0,1,1,0,0
581,1.0,1.0,1.0,4.0,2.0,2,2.0,5.0,3.0,2.0,20.0,190.0,125.0,1.0,0,1,0,1,0,0,0,0,0,1,1,0,1,0,1,0,3
582,1.0,1.0,2.0,1.0,3.0,3,2.0,1.0,2.0,1.0,20.0,182.0,88.0,2.0,0,1,0,1,0,0,0,0,0,1,1,0,1,0,1,0,0
583,2.0,1.0,2.0,1.0,2.0,5,1.0,1.0,3.0,2.0,21.0,195.0,82.0,1.0,0,1,0,1,0,0,0,0,0,1,1,0,0,1,1,0,0
584,2.0,2.0,2.0,3.0,4.0,4,3.0,3.0,3.0,4.0,20.0,185.0,85.0,1.0,0,1,0,1,0,0,0,0,0,1,1,0,0,1,0,1,0
585,3.0,2.0,3.0,2.0,4.0,3,4.0,2.0,3.0,2.0,17.0,182.0,79.0,2.0,1,0,0,1,0,0,0,0,0,1,1,0,1,0,1,0,4
586,1.0,1.0,1.0,1.0,1.0,1,1.0,2.0,1.0,5.0,23.0,185.0,90.0,1.0,0,1,0,1,1,0,0,0,0,0,1,0,1,0,1,0,0
587,2.0,1.0,1.0,5.0,5.0,4,3.0,3.0,1.0,5.0,25.0,172.0,56.0,1.0,1,0,0,1,0,0,0,1,0,0,1,0,1,0,1,0,2
588,1.0,2.0,2.0,4.0,3.0,1,1.0,2.0,1.0,3.0,18.0,170.0,54.0,1.0,1,0,0,1,0,0,0,0,0,1,1,0,1,0,1,0,2
589,5.0,2.0,3.0,3.0,4.0,4,3.0,3.0,2.0,2.0,25.0,168.0,63.0,1.0,1,0,0,1,0,0,0,1,0,0,1,0,1,0,0,1,1
590,2.0,2.0,2.0,3.0,2.0,2,2.0,2.0,4.0,3.0,20.0,182.0,73.0,1.0,0,1,0,1,0,0,0,0,0,1,1,0,0,1,0,1,4
591,1.0,1.0,2.0,1.0,2.0,3,4.0,3.0,4.0,3.0,18.0,162.0,54.0,1.0,1,0,0,1,0,0,0,0,0,1,1,0,1,0,0,1,6
592,1.0,1.0,1.0,1.0,2.0,1,3.0,1.0,2.0,1.0,19.0,182.0,72.0,1.0,0,1,0,1,0,0,0,0,0,1,0,1,1,0,1,0,4
593,1.0,1.0,1.0,1.0,1.0,1,1.0,2.0,4.0,3.0,22.0,189.0,89.0,2.0,0,1,0,1,0,0,0,0,0,1,1,0,1,0,0,1,0
594,3.0,2.0,2.0,4.0,2.0,3,4.0,2.0,3.0,3.0,26.0,182.0,76.0,3.0,0,1,1,0,0,0,0,0,0,1,0,1,1,0,0,1,4
595,3.0,2.0,1.0,2.0,1.0,1,1.0,2.0,2.0,3.0,23.0,185.0,87.0,0.0,0,1,0,1,0,0,0,0,0,1,0,1,1,0,1,0,0
596,1.0,1.0,1.0,1.0,2.0,3,4.0,2.0,4.0,3.0,18.0,162.0,54.0,1.0,1,0,0,1,0,0,0,0,0,1,1,0,1,0,0,1,6
597,1.0,2.0,3.0,4.0,4.0,1,1.0,2.0,1.0,3.0,18.0,170.0,54.0,1.0,1,0,0,1,0,0,0,0,0,1,1,0,1,0,1,0,2
598,1.0,1.0,2.0,3.0,1.0,3,4.0,5.0,3.0,4.0,19.0,168.0,57.0,2.0,1,0,0,1,0,0,0,0,0,1,1,0,0,1,0,1,2
599,1.0,4.0,4.0,1.0,5.0,5,5.0,5.0,5.0,5.0,19.0,175.0,58.0,1.0,1,0,0,1,1,0,0,0,0,0,1,0,1,0,0,1,5
600,1.0,1.0,1.0,1.0,1.0,1,1.0,3.0,1.0,2.0,21.0,187.0,85.0,1.0,0,1,0,1,0,0,0,0,0,1,1,0,1,0,1,0,0
601,2.0,2.0,2.0,3.0,3.0,3,5.0,4.0,2.0,3.0,20.0,175.0,58.0,1.0,1,0,0,1,1,0,0,0,0,0,1,0,1,0,0,1,5
602,1.0,1.0,1.0,2.0,2.0,3,1.0,1.0,5.0,4.0,20.0,180.0,57.0,1.0,0,1,0,1,0,0,0,0,0,1,1,0,1,0,1,0,5
603,1.0,1.0,1.0,3.0,3.0,3,2.0,1.0,3.0,2.0,19.0,181.0,70.0,1.0,0,1,0,1,0,0,0,0,0,1,0,1,1,0,1,0,4
604,4.0,2.0,2.0,2.0,3.0,5,4.0,5.0,3.0,4.0,19.0,158.0,45.0,2.0,1,0,0,1,0,0,0,0,0,1,1,0,1,0,0,1,6
605,2.0,2.0,2.0,2.0,2.0,5,3.0,3.0,3.0,2.0,22.0,174.0,83.0,1.0,0,1,0,1,1,0,0,0,0,0,1,0,0,1,0,1,4
606,2.0,3.0,2.0,4.0,2.0,3,2.0,1.0,2.0,3.0,23.0,183.0,85.0,2.0,0,1,1,0,1,0,0,0,0,0,1,0,1,0,1,0,0
607,3.0,2.0,3.0,4.0,2.0,3,3.0,4.0,4.0,2.0,21.0,176.0,80.0,1.0,0,1,0,1,0,0,0,0,0,1,1,0,1,0,1,0,4
608,1.0,2.0,2.0,4.0,5.0,4,2.0,2.0,1.0,2.0,22.0,173.0,50.0,1.0,1,0,0,1,0,0,0,0,0,1,1,0,1,0,1,0,2
609,1.0,3.0,1.0,1.0,1.0,1,2.0,1.0,2.0,1.0,19.0,188.0,75.0,1.0,0,1,0,1,1,0,0,0,0,0,1,0,1,0,1,0,4
610,1.0,1.0,1.0,1.0,1.0,1,1.0,2.0,4.0,2.0,24.0,160.0,55.0,1.0,1,0,0,1,1,0,0,0,0,0,1,0,1,0,1,0,6
611,1.0,1.0,1.0,3.0,1.0,4,3.0,1.0,2.0,1.0,23.0,170.0,63.0,1.0,0,1,0,1,1,0,0,0,0,0,1,0,1,0,1,0,1
612,4.0,1.0,2.0,2.0,3.0,5,5.0,5.0,3.0,5.0,21.0,164.0,52.0,2.0,1,0,0,1,0,0,0,0,0,1,1,0,1,0,1,0,6
613,3.0,4.0,4.0,4.0,3.0,4,3.0,3.0,4.0,3.0,22.0,167.0,50.0,1.0,1,0,0,1,0,0,0,0,0,1,1,0,1,0,1,0,2
614,5.0,4.0,1.0,1.0,2.0,4,4.0,5.0,5.0,4.0,28.0,166.0,58.0,2.0,1,0,1,0,0,0,0,1,0,0,1,0,1,0,1,0,2
615,1.0,1.0,2.0,2.0,1.0,5,3.0,5.0,4.0,2.0,18.0,165.0,48.0,0.0,1,0,0,1,0,0,0,0,0,1,0,1,1,0,1,0,6
616,3.0,2.0,3.0,3.0,5.0,1,2.0,5.0,2.0,3.0,21.0,164.0,52.0,1.0,1,0,0,1,0,0,0,0,0,1,0,1,1,0,1,0,6
617,1.0,1.0,4.0,3.0,1.0,1,1.0,4.0,1.0,4.0,20.0,171.0,57.0,1.0,1,0,0,1,0,0,0,0,0,1,1,0,1,0,1,0,2
618,2.0,2.0,4.0,4.0,4.0,3,3.0,1.0,2.0,4.0,18.0,170.0,65.0,1.0,1,0,0,1,0,0,0,0,1,0,1,0,1,0,0,1,1
619,1.0,1.0,1.0,4.0,1.0,3,1.0,1.0,2.0,3.0,21.0,175.0,55.0,1.0,0,1,0,1,0,0,0,0,0,1,1,0,1,0,1,0,2
620,3.0,1.0,1.0,2.0,1.0,1,1.0,1.0,2.0,2.0,20.0,185.0,80.0,1.0,0,1,0,1,1,0,0,0,0,0,1,0,0,1,0,1,0
621,1.0,1.0,2.0,1.0,2.0,2,2.0,1.0,3.0,1.0,21.0,165.0,50.0,1.0,1,0,1,0,0,0,0,0,0,1,1,0,1,0,1,0,6
622,1.0,1.0,3.0,1.0,5.0,5,2.0,1.0,1.0,3.0,20.0,175.0,67.0,1.0,1,0,0,1,0,0,0,0,0,1,1,0,1,0,1,0,5
623,3.0,2.0,2.0,5.0,4.0,3,1.0,4.0,3.0,4.0,23.0,163.0,59.0,3.0,1,0,0,1,1,0,0,0,0,0,1,0,1,0,1,0,2
624,1.0,1.0,1.0,4.0,1.0,2,1.0,2.0,2.0,2.0,19.0,155.0,50.0,0.0,1,0,0,1,0,0,0,0,0,1,0,1,1,0,1,0,6
625,3.0,1.0,1.0,2.0,1.0,4,2.0,5.0,2.0,3.0,22.0,183.0,70.0,1.0,0,1,0,1,0,0,0,0,0,1,1,0,1,0,1,0,4
626,1.0,1.0,5.0,2.0,1.0,1,1.0,5.0,1.0,4.0,19.0,163.0,56.0,1.0,1,0,0,1,0,0,0,0,0,1,1,0,1,0,0,1,2
627,4.0,1.0,2.0,2.0,5.0,5,1.0,2.0,1.0,5.0,19.0,153.0,44.0,0.0,1,0,0,1,0,0,0,0,0,1,0,1,1,0,1,0,6
628,3.0,3.0,3.0,4.0,5.0,5,5.0,3.0,5.0,4.0,18.0,165.0,45.0,5.0,1,0,1,0,0,0,0,0,1,0,1,0,1,0,1,0,6
629,3.0,4.0,2.0,2.0,1.0,1,2.0,1.0,3.0,2.0,18.0,178.0,80.0,2.0,0,1,0,1,0,0,0,0,0,1,1,0,1,0,0,1,4
630,4.0,5.0,5.0,5.0,5.0,2,1.0,1.0,1.0,3.0,20.0,155.0,45.0,1.0,1,0,0,1,0,0,0,0,0,1,1,0,1,0,1,0,6
631,1.0,2.0,2.0,1.0,5.0,5,5.0,3.0,4.0,2.0,17.0,170.0,50.0,3.0,1,0,0,1,0,0,0,0,0,1,1,0,1,0,0,1,2
632,3.0,2.0,4.0,3.0,5.0,4,4.0,2.0,3.0,2.0,21.0,171.0,66.0,0.0,1,0,0,1,0,0,0,0,0,1,0,1,1,0,1,0,1
633,1.0,3.0,4.0,2.0,3.0,5,4.0,4.0,3.0,4.0,18.0,167.0,62.0,4.0,1,0,0,1,0,0,0,0,1,0,0,1,0,1,0,1,1
634,3.0,2.0,4.0,5.0,3.0,2,4.0,5.0,5.0,3.0,19.0,166.0,63.0,0.0,1,0,0,1,0,0,0,0,0,1,0,1,1,0,0,1,1
635,1.0,1.0,2.0,2.0,5.0,3,2.0,1.0,2.0,4.0,19.0,162.0,47.0,1.0,1,0,0,1,0,0,0,0,0,1,1,0,0,1,0,1,6
636,2.0,1.0,2.0,3.0,3.0,4,3.0,3.0,4.0,3.0,16.0,180.0,55.0,1.0,1,0,0,1,0,0,0,0,0,1,0,1,0,1,0,1,5
637,3.0,1.0,1.0,4.0,2.0,3,2.0,3.0,4.0,3.0,19.0,179.0,60.0,1.0,0,1,0,1,0,0,0,0,0,1,0,1,1,0,1,0,5
638,3.0,4.0,4.0,4.0,5.0,5,1.0,4.0,4.0,4.0,20.0,165.0,57.0,1.0,1,0,0,1,0,0,0,0,0,1,1,0,1,0,1,0,2
639,1.0,1.0,1.0,1.0,2.0,1,1.0,1.0,1.0,3.0,19.0,166.0,51.0,1.0,1,0,0,1,0,0,0,0,0,1,1,0,1,0,1,0,2
640,1.0,1.0,1.0,3.0,3.0,3,1.0,1.0,2.0,3.0,20.0,175.0,65.0,5.0,0,1,0,1,0,0,0,0,0,1,1,0,1,0,1,0,5
641,1.0,2.0,4.0,3.0,5.0,5,3.0,2.0,2.0,3.0,24.0,176.0,48.0,1.0,1,0,1,0,0,0,0,1,0,0,1,0,1,0,1,0,2
642,1.0,1.0,1.0,2.0,1.0,1,1.0,1.0,2.0,3.0,20.0,172.0,75.0,3.0,0,1,1,0,0,0,0,0,0,1,1,0,0,1,0,1,4
643,5.0,2.0,1.0,3.0,1.0,1,1.0,3.0,3.0,5.0,21.0,167.0,56.0,1.0,1,0,0,1,0,0,0,0,0,1,1,0,0,1,0,1,2
644,1.0,1.0,1.0,1.0,1.0,1,1.0,1.0,1.0,1.0,19.0,170.0,55.0,1.0,1,0,1,0,1,0,0,0,0,0,1,0,1,0,0,1,2
645,1.0,1.0,1.0,1.0,1.0,1,1.0,1.0,1.0,3.0,18.0,187.0,71.0,1.0,0,1,0,1,0,0,0,0,1,0,1,0,1,0,1,0,4
646,1.0,4.0,5.0,4.0,2.0,3,4.0,1.0,2.0,3.0,19.0,180.0,70.0,2.0,0,1,0,1,1,0,0,0,0,0,1,0,0,1,1,0,4
647,1.0,1.0,1.0,5.0,2.0,3,4.0,1.0,3.0,4.0,22.0,187.0,82.0,1.0,0,1,0,1,0,0,0,1,0,0,1,0,1,0,1,0,0
648,3.0,4.0,3.0,3.0,3.0,4,1.0,4.0,5.0,4.0,18.0,177.0,60.0,1.0,0,1,0,1,0,0,0,0,0,1,1,0,1,0,1,0,5
649,1.0,4.0,5.0,3.0,5.0,5,1.0,3.0,4.0,3.0,19.0,178.0,88.0,0.0,1,0,0,1,0,0,0,0,0,1,0,1,1,0,1,0,0
650,2.0,4.0,2.0,3.0,2.0,4,1.0,2.0,2.0,5.0,20.0,175.0,120.0,2.0,1,0,0,1,0,0,0,0,0,1,1,0,1,0,1,0,3
651,2.0,2.0,3.0,3.0,3.0,1,1.0,1.0,1.0,3.0,21.0,183.0,73.0,0.0,1,0,0,1,0,0,0,0,0,1,0,1,1,0,1,0,4
652,4.0,2.0,2.0,2.0,4.0,4,3.0,1.0,3.0,3.0,19.0,172.0,62.0,1.0,1,0,0,1,0,0,0,0,0,1,0,1,1,0,1,0,5
653,3.0,2.0,2.0,2.0,2.0,3,2.0,3.0,2.0,3.0,19.0,183.0,83.0,1.0,0,1,0,1,0,0,0,0,0,1,1,0,0,1,0,1,0
654,3.0,1.0,4.0,3.0,4.0,4,3.0,4.0,2.0,3.0,21.0,165.0,60.0,2.0,1,0,0,1,1,0,0,0,0,0,1,0,1,0,0,1,2
655,2.0,1.0,2.0,3.0,4.0,3,3.0,4.0,3.0,2.0,19.0,194.0,90.0,0.0,0,1,1,0,0,0,0,0,0,1,0,1,1,0,1,0,0
656,2.0,1.0,2.0,3.0,5.0,4,4.0,3.0,4.0,3.0,19.0,168.0,57.0,1.0,1,0,1,0,0,0,0,0,0,1,1,0,0,1,0,1,2
657,1.0,2.0,4.0,2.0,1.0,2,2.0,5.0,3.0,3.0,18.0,178.0,70.0,2.0,0,1,0,1,0,0,0,0,0,1,1,0,1,0,0,1,4
658,3.0,2.0,3.0,3.0,4.0,2,1.0,1.0,4.0,4.0,20.0,167.0,53.0,1.0,1,0,0,1,0,0,0,0,0,1,1,0,1,0,1,0,2
659,1.0,1.0,3.0,1.0,1.0,4,1.0,1.0,5.0,1.0,19.0,161.0,60.0,3.0,1,0,0,1,0,0,0,0,0,1,1,0,1,0,0,1,2
660,2.0,5.0,4.0,5.0,1.0,1,1.0,2.0,1.0,1.0,30.0,168.0,54.0,2.0,1,0,0,1,0,0,0,1,0,0,1,0,0,1,0,1,2
661,1.0,1.0,1.0,1.0,1.0,1,1.0,2.0,1.0,2.0,29.0,180.0,93.0,1.0,0,1,0,1,0,0,0,0,0,1,1,0,1,0,1,0,0
662,5.0,3.0,1.0,5.0,3.0,5,3.0,1.0,3.0,3.0,21.0,172.0,80.0,0.0,0,1,0,1,0,0,0,0,0,1,0,1,1,0,0,1,4
663,3.0,1.0,1.0,5.0,5.0,3,2.0,2.0,3.0,4.0,30.0,200.0,150.0,1.0,0,1,0,1,0,0,0,1,0,0,1,0,1,0,1,0,3
664,3.0,2.0,1.0,1.0,1.0,2,1.0,1.0,2.0,2.0,18.0,163.0,53.0,0.0,1,0,0,1,0,0,0,0,0,1,0,1,1,0,1,0,6
665,2.0,1.0,1.0,3.0,1.0,4,1.0,2.0,1.0,2.0,28.0,192.0,105.0,1.0,0,1,0,1,0,0,0,1,0,0,1,0,1,0,1,0,3
666,1.0,1.0,1.0,1.0,1.0,1,1.0,5.0,3.0,2.0,16.0,153.0,62.0,1.0,1,0,0,1,0,0,0,0,1,0,1,0,1,0,1,0,6
667,5.0,1.0,1.0,5.0,1.0,1,1.0,4.0,2.0,2.0,18.0,160.0,63.0,2.0,1,0,0,1,0,0,0,0,1,0,1,0,1,0,1,0,1
668,4.0,1.0,1.0,4.0,4.0,5,4.0,1.0,3.0,2.0,20.0,172.0,63.0,1.0,1,0,0,1,0,0,0,0,0,1,1,0,1,0,0,1,5
669,1.0,1.0,2.0,3.0,3.0,2,2.0,3.0,2.0,3.0,22.0,175.0,60.0,1.0,0,1,0,1,0,0,0,0,0,1,1,0,1,0,1,0,5
670,1.0,2.0,4.0,5.0,2.0,2,2.0,3.0,3.0,4.0,20.0,164.0,57.0,1.0,1,0,0,1,0,0,0,0,0,1,1,0,1,0,0,1,2
671,2.0,1.0,3.0,2.0,2.0,2,1.0,1.0,1.0,5.0,18.0,173.0,75.0,0.0,1,0,0,1,0,0,0,0,0,1,0,1,1,0,1,0,4
672,2.0,3.0,2.0,5.0,3.0,3,3.0,3.0,5.0,5.0,25.0,173.0,58.0,1.0,1,0,0,1,1,0,0,0,0,0,1,0,1,0,1,0,2
673,2.0,1.0,2.0,5.0,1.0,4,2.0,2.0,3.0,2.0,21.0,185.0,72.0,1.0,0,1,0,1,0,0,0,0,0,1,1,0,0,1,0,1,4
