id,realDonaldTrump,HillaryClinton
0,0.0218595,0.97814
1,0.00901291,0.990987
2,0.979425,0.0205749
3,0.0446954,0.955305
4,0.996958,0.00304153
5,0.0165071,0.983493
6,0.0895397,0.91046
7,0.0278069,0.972193
8,0.0210432,0.978957
9,0.514371,0.485629
10,0.439099,0.560901
11,0.400313,0.599687
12,0.0109004,0.9891
13,0.0623806,0.937619
14,0.164007,0.835993
15,0.674353,0.325647
16,0.253422,0.746578
17,0.999035,0.000964496
18,0.0327838,0.967216
19,0.996336,0.0036643
20,0.998129,0.00187103
21,0.0121186,0.987881
22,0.26109,0.73891
23,0.852475,0.147525
24,0.0132784,0.986722
25,0.0218454,0.978155
26,0.996015,0.00398496
27,0.0173724,0.982628
28,0.0525242,0.947476
29,0.382625,0.617375
30,0.445859,0.554141
31,0.789315,0.210685
32,0.0249994,0.975001
33,0.0525797,0.94742
34,0.913846,0.0861535
35,0.277775,0.722225
36,0.0209217,0.979078
37,0.316386,0.683614
38,0.0473614,0.952639
39,0.262808,0.737192
40,0.00933888,0.990661
41,0.239483,0.760517
42,0.0068794,0.993121
43,0.0162935,0.983706
44,0.17723,0.82277
45,0.0187916,0.981208
46,0.0162304,0.98377
47,0.656119,0.343881
48,0.181799,0.818201
49,0.0780567,0.921943
50,0.826056,0.173944
51,0.656147,0.343852
52,0.0278497,0.97215
53,0.0978099,0.90219
54,0.0304036,0.969596
55,0.991702,0.00829835
56,0.102082,0.897918
57,0.0158566,0.984143
58,0.0155991,0.984401
59,0.995614,0.00438603
60,0.0133081,0.986692
61,0.034772,0.965228
62,0.358605,0.641395
63,0.217897,0.782103
64,0.0681529,0.931847
65,0.0115761,0.988424
66,0.283227,0.716773
67,0.0185169,0.981483
68,0.0473096,0.95269
69,0.0196818,0.980318
70,0.989211,0.0107894
71,0.0949979,0.905002
72,0.0412787,0.958721
73,0.0484007,0.951599
74,0.064706,0.935294
75,0.0280606,0.971939
76,0.0498379,0.950162
77,0.0296649,0.970335
78,0.021579,0.978421
79,0.0167343,0.983266
80,0.0258991,0.974101
81,0.222794,0.777206
82,0.0103312,0.989669
83,0.424682,0.575318
84,0.821692,0.178309
85,0.064461,0.935539
86,0.990507,0.00949317
87,0.406341,0.593659
88,0.0474067,0.952593
89,0.925069,0.0749308
90,0.0349675,0.965033
91,0.0687572,0.931243
92,0.0211506,0.978849
93,0.997785,0.00221542
94,0.997086,0.00291439
95,0.185779,0.814221
96,0.209542,0.790458
97,0.195674,0.804326
98,0.011389,0.988611
99,0.0184659,0.981534
100,0.0513091,0.948691
101,0.0105241,0.989476
102,0.297536,0.702464
103,0.0371455,0.962855
104,0.173492,0.826508
105,0.971618,0.028382
106,0.0202337,0.979766
107,0.0424344,0.957566
108,0.0352298,0.96477
109,0.0467278,0.953272
110,0.0170189,0.982981
111,0.0250486,0.974951
112,0.564822,0.435178
113,0.282246,0.717754
114,0.998351,0.0016487
115,0.0327642,0.967236
116,0.0221987,0.977801
117,0.972786,0.0272142
118,0.0256094,0.974391
119,0.0149174,0.985083
120,0.0566304,0.94337
121,0.0151601,0.98484
122,0.0179634,0.982037
123,0.0206853,0.979315
124,0.106459,0.893541
125,0.0140171,0.985983
126,0.0175733,0.982427
127,0.0186999,0.9813
128,0.0140046,0.985995
129,0.0291584,0.970842
130,0.0207965,0.979203
131,0.025116,0.974884
132,0.0717723,0.928228
133,0.0119816,0.988019
134,0.0265432,0.973457
135,0.316617,0.683383
136,0.991586,0.00841381
137,0.00863774,0.991362
138,0.0289513,0.971049
139,0.053222,0.946778
140,0.0174492,0.982551
141,0.11376,0.88624
142,0.0180358,0.981964
143,0.833468,0.166532
144,0.00791865,0.992081
145,0.989862,0.0101375
146,0.081541,0.918459
147,0.0417847,0.958215
148,0.131654,0.868346
149,0.179159,0.820841
150,0.0271238,0.972876
151,0.0631524,0.936848
152,0.0201604,0.97984
153,0.992629,0.00737145
154,0.0214975,0.978503
155,0.0969567,0.903043
156,0.0103429,0.989657
157,0.028395,0.971605
158,0.0246522,0.975348
159,0.154794,0.845206
160,0.0391927,0.960807
161,0.0253396,0.97466
162,0.00920761,0.990792
163,0.261805,0.738195
164,0.0188449,0.981155
165,0.023112,0.976888
166,0.0207345,0.979265
167,0.573499,0.426501
168,0.982482,0.0175183
169,0.0805767,0.919423
170,0.156064,0.843937
171,0.0241466,0.975853
172,0.0538435,0.946157
173,0.0238599,0.97614
174,0.796444,0.203556
175,0.0249649,0.975035
176,0.0206007,0.979399
177,0.0313715,0.968628
178,0.995732,0.00426844
179,0.1516,0.8484
180,0.0135294,0.986471
181,0.98945,0.0105496
182,0.996773,0.00322689
183,0.0560253,0.943975
184,0.203996,0.796004
185,0.994852,0.00514771
186,0.0151507,0.984849
187,0.0402668,0.959733
188,0.0163085,0.983691
189,0.0149955,0.985005
190,0.0202217,0.979778
191,0.0420496,0.95795
192,0.0152941,0.984706
193,0.143762,0.856238
194,0.0352535,0.964747
195,0.013846,0.986154
196,0.012847,0.987153
197,0.0431864,0.956814
198,0.0742608,0.925739
199,0.993892,0.0061083
200,0.989336,0.0106638
201,0.990048,0.00995163
202,0.993682,0.0063177
203,0.993405,0.00659521
204,0.0335587,0.966441
205,0.130739,0.869261
206,0.0334009,0.966599
207,0.0125611,0.987439
208,0.0581276,0.941872
209,0.0165037,0.983496
210,0.0190922,0.980908
211,0.0342484,0.965752
212,0.0568123,0.943188
213,0.0116442,0.988356
214,0.514549,0.485451
215,0.972083,0.0279174
216,0.0360826,0.963917
217,0.121478,0.878522
218,0.161064,0.838936
219,0.0904643,0.909536
220,0.0256991,0.974301
221,0.00536687,0.994633
222,0.00842185,0.991578
223,0.714194,0.285806
224,0.851444,0.148556
225,0.852269,0.147731
226,0.5608,0.4392
227,0.370623,0.629377
228,0.997885,0.00211496
229,0.474298,0.525702
230,0.995875,0.00412517
231,0.989623,0.0103775
232,0.0103676,0.989632
233,0.00584624,0.994154
234,0.984438,0.0155617
235,0.0761495,0.923851
236,0.773913,0.226087
237,0.601558,0.398442
238,0.0089257,0.991074
239,0.0313978,0.968602
240,0.997482,0.00251851
241,0.0177147,0.982285
242,0.683244,0.316756
243,0.397427,0.602574
244,0.191561,0.808439
245,0.0227003,0.9773
246,0.0819008,0.918099
247,0.987198,0.0128019
248,0.980386,0.019614
249,0.972452,0.0275481
250,0.994736,0.00526433
251,0.969957,0.0300429
252,0.391912,0.608088
253,0.0078877,0.992112
254,0.0766325,0.923368
255,0.459944,0.540056
256,0.083966,0.916034
257,0.0109642,0.989036
258,0.115004,0.884996
259,0.46356,0.53644
260,0.0337496,0.96625
261,0.00833834,0.991662
262,0.0499738,0.950026
263,0.0150871,0.984913
264,0.971888,0.0281125
265,0.0243871,0.975613
266,0.0246086,0.975391
267,0.0689702,0.93103
268,0.522702,0.477298
269,0.913275,0.0867246
270,0.0197242,0.980276
271,0.00971843,0.990282
272,0.987627,0.0123731
273,0.0454454,0.954555
274,0.988063,0.0119373
275,0.0161107,0.983889
276,0.0076569,0.992343
277,0.987014,0.0129856
278,0.991866,0.00813422
279,0.0183456,0.981654
280,0.170036,0.829964
281,0.0342899,0.96571
282,0.223734,0.776266
283,0.990037,0.00996263
284,0.816332,0.183668
285,0.799134,0.200866
286,0.0304255,0.969574
287,0.078845,0.921155
288,0.27718,0.72282
289,0.129554,0.870446
290,0.0327832,0.967217
291,0.0273693,0.972631
292,0.0935745,0.906426
293,0.0622625,0.937738
294,0.997452,0.0025478
295,0.0597971,0.940203
296,0.0905755,0.909424
297,0.0271322,0.972868
298,0.0255907,0.974409
299,0.990856,0.00914428
300,0.54541,0.45459
301,0.0167438,0.983256
302,0.0492665,0.950734
303,0.829963,0.170037
304,0.989192,0.0108082
305,0.104601,0.895399
306,0.996693,0.00330706
307,0.0593487,0.940651
308,0.96792,0.03208
309,0.020354,0.979646
310,0.0508695,0.94913
311,0.742179,0.257821
312,0.807039,0.192961
313,0.990503,0.00949725
314,0.127014,0.872986
315,0.0757248,0.924275
316,0.159039,0.840961
317,0.0625391,0.937461
318,0.933792,0.0662075
319,0.764995,0.235005
320,0.994614,0.00538619
321,0.0775565,0.922444
322,0.182957,0.817043
323,0.0221926,0.977807
324,0.0161332,0.983867
325,0.238156,0.761844
326,0.970977,0.0290227
327,0.964955,0.0350446
328,0.150492,0.849508
329,0.373008,0.626992
330,0.986113,0.0138874
331,0.0266848,0.973315
332,0.0183457,0.981654
333,0.086903,0.913097
334,0.962271,0.0377287
335,0.0453712,0.954629
336,0.290382,0.709618
337,0.0102179,0.989782
338,0.957819,0.042181
339,0.996104,0.00389588
340,0.0811293,0.918871
341,0.111198,0.888802
342,0.0382907,0.961709
343,0.0590656,0.940934
344,0.020626,0.979374
345,0.0316156,0.968384
346,0.0148277,0.985172
347,0.23842,0.76158
348,0.0372345,0.962765
349,0.418261,0.581739
350,0.283054,0.716946
351,0.171356,0.828644
352,0.0167963,0.983204
353,0.0210039,0.978996
354,0.240891,0.759109
355,0.0488444,0.951156
356,0.0684737,0.931526
357,0.0864734,0.913527
358,0.0580239,0.941976
359,0.0480812,0.951919
360,0.0221071,0.977893
361,0.0245384,0.975462
362,0.0206133,0.979387
363,0.011021,0.988979
364,0.536663,0.463337
365,0.0255557,0.974444
366,0.0879974,0.912003
367,0.934134,0.0658657
368,0.76804,0.23196
369,0.0282513,0.971749
370,0.996366,0.00363435
371,0.958818,0.0411824
372,0.271406,0.728594
373,0.927394,0.0726059
374,0.989658,0.0103415
375,0.369437,0.630563
376,0.034665,0.965335
377,0.971226,0.0287742
378,0.22173,0.77827
379,0.0449875,0.955013
380,0.906429,0.0935709
381,0.5198,0.4802
382,0.990652,0.00934752
383,0.0428133,0.957187
384,0.0928503,0.90715
385,0.102116,0.897884
386,0.381916,0.618084
387,0.0235994,0.976401
388,0.267274,0.732726
389,0.0459028,0.954097
390,0.201014,0.798985
391,0.336637,0.663363
392,0.574851,0.425149
393,0.987278,0.0127225
394,0.0228627,0.977137
395,0.992251,0.00774917
396,0.0284694,0.971531
397,0.0122347,0.987765
398,0.87017,0.12983
399,0.0767109,0.923289
400,0.0156209,0.984379
401,0.109707,0.890293
402,0.0663375,0.933662
403,0.996309,0.00369144
404,0.984044,0.0159557
405,0.928137,0.0718626
406,0.978122,0.0218782
407,0.0505223,0.949478
408,0.992863,0.00713749
409,0.709955,0.290045
410,0.358234,0.641766
411,0.834718,0.165282
412,0.951528,0.0484717
413,0.717805,0.282195
414,0.0933616,0.906638
415,0.920459,0.079541
416,0.883038,0.116962
417,0.709642,0.290358
418,0.361824,0.638176
419,0.597197,0.402803
420,0.481647,0.518353
421,0.0272071,0.972793
422,0.631057,0.368943
423,0.00940547,0.990595
424,0.364424,0.635576
425,0.994243,0.00575651
426,0.115765,0.884235
427,0.0282655,0.971735
428,0.613786,0.386214
429,0.0542942,0.945706
430,0.0632959,0.936704
431,0.0173645,0.982635
432,0.012328,0.987672
433,0.923687,0.0763133
434,0.160778,0.839222
435,0.388095,0.611905
436,0.0964252,0.903575
437,0.27996,0.72004
438,0.20479,0.79521
439,0.431549,0.568451
440,0.426237,0.573763
441,0.0316838,0.968316
442,0.0257985,0.974201
443,0.495752,0.504248
444,0.0434982,0.956502
445,0.765834,0.234166
446,0.712468,0.287532
447,0.990584,0.00941574
448,0.316656,0.683344
449,0.941311,0.0586891
450,0.0820107,0.917989
451,0.0093625,0.990637
452,0.475797,0.524203
453,0.0413909,0.958609
454,0.987054,0.0129457
455,0.993953,0.00604734
456,0.969423,0.0305768
457,0.0577923,0.942208
458,0.105633,0.894367
459,0.0105572,0.989443
460,0.0272581,0.972742
461,0.270411,0.729589
462,0.968414,0.0315864
463,0.983204,0.0167962
464,0.533355,0.466645
465,0.224657,0.775343
466,0.770104,0.229897
467,0.450465,0.549535
468,0.0717818,0.928218
469,0.980336,0.0196636
470,0.816527,0.183473
471,0.944837,0.0551627
472,0.319084,0.680916
473,0.0878226,0.912177
474,0.996349,0.00365138
475,0.0808386,0.919161
476,0.58467,0.41533
477,0.989042,0.0109583
478,0.994117,0.0058835
479,0.047874,0.952126
480,0.0332965,0.966704
481,0.121187,0.878813
482,0.946896,0.053104
483,0.0780093,0.921991
484,0.0900055,0.909995
485,0.848934,0.151066
486,0.97714,0.0228601
487,0.228764,0.771236
488,0.615942,0.384058
489,0.830478,0.169522
490,0.974455,0.0255446
491,0.0247235,0.975277
492,0.133675,0.866325
493,0.988416,0.0115835
494,0.0576554,0.942345
495,0.0910996,0.9089
496,0.315163,0.684837
497,0.604517,0.395483
498,0.907828,0.092172
499,0.995792,0.00420804
500,0.711805,0.288195
501,0.0176627,0.982337
502,0.0510062,0.948994
503,0.451755,0.548245
504,0.081005,0.918995
505,0.993942,0.0060579
506,0.988329,0.0116709
507,0.905506,0.0944941
508,0.284838,0.715162
509,0.0519497,0.94805
510,0.455953,0.544047
511,0.132782,0.867218
512,0.897876,0.102124
513,0.998863,0.00113665
514,0.974899,0.0251015
515,0.0027159,0.997284
516,0.0023228,0.997677
517,0.00679507,0.993205
518,0.0141903,0.98581
519,0.0237555,0.976244
520,0.00610203,0.993898
521,0.00428915,0.995711
522,0.00464163,0.995358
523,0.961519,0.038481
524,0.00397057,0.996029
525,0.00263744,0.997363
526,0.00527535,0.994725
527,0.00517809,0.994822
528,0.00429566,0.995704
529,0.00269235,0.997308
530,0.0125551,0.987445
531,0.00307053,0.996929
532,0.00487017,0.99513
533,0.00493988,0.99506
534,0.0107837,0.989216
535,0.160952,0.839048
536,0.00635941,0.993641
537,0.0272272,0.972773
538,0.131742,0.868258
539,0.06286,0.93714
540,0.92708,0.07292
541,0.790178,0.209822
542,0.303201,0.696799
543,0.539272,0.460728
544,0.968965,0.0310347
545,0.996462,0.00353766
546,0.0726453,0.927355
547,0.903162,0.096838
548,0.0263794,0.973621
549,0.0141556,0.985844
550,0.956057,0.0439433
551,0.00933515,0.990665
552,0.00744416,0.992556
553,0.00462156,0.995378
554,0.00557188,0.994428
555,0.00222378,0.997776
556,0.0597488,0.940251
557,0.038087,0.961913
558,0.0162423,0.983758
559,0.0142395,0.985761
560,0.0250121,0.974988
561,0.00545843,0.994542
562,0.0127963,0.987204
563,0.0366851,0.963315
564,0.883078,0.116922
565,0.0205276,0.979472
566,0.0403931,0.959607
567,0.00564789,0.994352
568,0.00389349,0.996106
569,0.00296513,0.997035
570,0.00716865,0.992831
571,0.0683576,0.931642
572,0.0860785,0.913922
573,0.0109527,0.989047
574,0.00296935,0.997031
575,0.0420981,0.957902
576,0.00634208,0.993658
577,0.00538644,0.994614
578,0.00285808,0.997142
579,0.0258041,0.974196
580,0.0572035,0.942796
581,0.631512,0.368488
582,0.00590137,0.994099
583,0.0302265,0.969773
584,0.0140685,0.985932
585,0.0607558,0.939244
586,0.52766,0.47234
587,0.0190712,0.980929
588,0.00742214,0.992578
589,0.00443573,0.995564
590,0.00201927,0.997981
591,0.0125829,0.987417
592,0.986175,0.0138254
593,0.00488263,0.995117
594,0.0513063,0.948694
595,0.0103529,0.989647
596,0.00662481,0.993375
597,0.00614408,0.993856
598,0.968406,0.0315939
599,0.689477,0.310523
600,0.999071,0.00092887
601,0.0118463,0.988154
602,0.991544,0.00845608
603,0.858877,0.141123
604,0.0115357,0.988464
605,0.00852236,0.991478
606,0.00853752,0.991462
607,0.996596,0.00340401
608,0.118637,0.881363
609,0.00677896,0.993221
610,0.240848,0.759152
611,0.00561657,0.994383
612,0.113329,0.886671
613,0.0105817,0.989418
614,0.00307141,0.996929
615,0.00750042,0.9925
616,0.019716,0.980284
617,0.00405527,0.995945
618,0.0242183,0.975782
619,0.108489,0.891511
620,0.208997,0.791003
621,0.0187369,0.981263
622,0.0023787,0.997621
623,0.00339087,0.996609
624,0.00328706,0.996713
625,0.977165,0.0228346
626,0.999161,0.000839129
627,0.00431238,0.995688
628,0.00273414,0.997266
629,0.244439,0.755561
630,0.00867818,0.991322
631,0.0026632,0.997337
632,0.999593,0.000407073
633,0.999302,0.000698182
634,0.499218,0.500782
635,0.998983,0.00101702
636,0.997427,0.0025728
637,0.00819457,0.991805
638,0.999141,0.000858949
639,0.996652,0.00334807
640,0.996909,0.00309127
641,0.026335,0.973665
642,0.00260363,0.997396
643,0.10452,0.89548
644,0.0568807,0.943119
645,0.731095,0.268905
646,0.999412,0.00058823
647,0.997911,0.00208926
648,0.607009,0.392991
649,0.00992151,0.990078
650,0.0163998,0.9836
651,0.00674859,0.993251
652,0.00860018,0.9914
653,0.012686,0.987314
654,0.00913712,0.990863
655,0.00687352,0.993127
656,0.0057484,0.994252
657,0.366803,0.633197
658,0.026311,0.973689
659,0.00886647,0.991134
660,0.300002,0.699998
661,0.00478972,0.99521
662,0.998963,0.00103661
663,0.996145,0.00385488
664,0.00393495,0.996065
665,0.00681702,0.993183
666,0.0396564,0.960344
667,0.0281854,0.971815
668,0.00433338,0.995667
669,0.00750344,0.992497
670,0.00766898,0.992331
671,0.00589976,0.9941
672,0.00322592,0.996774
673,0.0942014,0.905799
674,0.97008,0.0299196
675,0.0470351,0.952965
676,0.997573,0.00242664
677,0.0172266,0.982773
678,0.00403913,0.995961
679,0.00375292,0.996247
680,0.336274,0.663726
681,0.17789,0.82211
682,0.552816,0.447184
683,0.136519,0.863481
684,0.952697,0.0473031
685,0.00899481,0.991005
686,0.496246,0.503754
687,0.00680259,0.993197
688,0.14128,0.85872
689,0.00609867,0.993901
690,0.00404087,0.995959
691,0.00337076,0.996629
692,0.429228,0.570772
693,0.992851,0.00714888
694,0.0056779,0.994322
695,0.714084,0.285916
696,0.0516051,0.948395
697,0.00377916,0.996221
698,0.0546259,0.945374
699,0.00602916,0.993971
700,0.998917,0.00108353
701,0.0296748,0.970325
702,0.983394,0.0166062
703,0.00303297,0.996967
704,0.0104647,0.989535
705,0.0194113,0.980589
706,0.801084,0.198916
707,0.00301786,0.996982
708,0.012075,0.987925
709,0.542401,0.457599
710,0.00232157,0.997678
711,0.164926,0.835074
712,0.00438043,0.99562
713,0.0062605,0.993739
714,0.004622,0.995378
715,0.00872461,0.991275
716,0.0560427,0.943957
717,0.99447,0.00553031
718,0.00366274,0.996337
719,0.00306714,0.996933
720,0.00824541,0.991755
721,0.851185,0.148815
722,0.0173108,0.982689
723,0.9984,0.00160001
724,0.993043,0.00695742
725,0.664437,0.335563
726,0.999538,0.000461699
727,0.99883,0.00117031
728,0.00315867,0.996841
729,0.00329021,0.99671
730,0.00443581,0.995564
731,0.00930144,0.990699
732,0.997524,0.00247581
733,0.0309463,0.969054
734,0.00389649,0.996104
735,0.00688367,0.993116
736,0.970528,0.0294717
737,0.963065,0.0369353
738,0.772468,0.227532
739,0.998149,0.00185124
740,0.985142,0.0148585
741,0.0101842,0.989816
742,0.999137,0.000863264
743,0.0122881,0.987712
744,0.0198496,0.98015
745,0.00512406,0.994876
746,0.957119,0.0428814
747,0.989092,0.0109081
748,0.00474183,0.995258
749,0.018271,0.981729
750,0.0191384,0.980862
751,0.00271215,0.997288
752,0.00574828,0.994252
753,0.99959,0.00041008
754,0.853132,0.146868
755,0.998467,0.00153261
756,0.999588,0.0004122
757,0.00407523,0.995925
758,0.999097,0.000902823
759,0.00870318,0.991297
760,0.00354885,0.996451
761,0.0318305,0.96817
762,0.00378561,0.996214
763,0.00540701,0.994593
764,0.0399966,0.960003
765,0.269573,0.730427
766,0.0273769,0.972623
767,0.918495,0.081505
768,0.0763524,0.923648
769,0.237659,0.762342
770,0.0436931,0.956307
771,0.99525,0.00475042
772,0.0154071,0.984593
773,0.0162685,0.983732
774,0.823857,0.176143
775,0.0173457,0.982654
776,0.0484876,0.951512
777,0.00511496,0.994885
778,0.130332,0.869668
779,0.873939,0.126061
780,0.0285728,0.971427
781,0.0424722,0.957528
782,0.502274,0.497726
783,0.0202852,0.979715
784,0.962296,0.0377035
785,0.0296867,0.970313
786,0.795891,0.204109
787,0.989859,0.0101412
788,0.0128142,0.987186
789,0.986094,0.0139062
790,0.439203,0.560797
791,0.00532965,0.99467
792,0.0490772,0.950923
793,0.0582575,0.941742
794,0.00902831,0.990972
795,0.890745,0.109255
796,0.00472225,0.995278
797,0.973781,0.0262193
798,0.807606,0.192394
799,0.992321,0.00767925
800,0.983956,0.0160439
801,0.991856,0.00814399
802,0.964453,0.0355472
803,0.080201,0.919799
804,0.00516176,0.994838
805,0.0298969,0.970103
806,0.0453084,0.954692
807,0.0314623,0.968538
808,0.0131952,0.986805
809,0.0212074,0.978793
810,0.991577,0.00842317
811,0.93479,0.0652098
812,0.17321,0.82679
813,0.98675,0.0132498
814,0.126696,0.873304
815,0.979178,0.0208222
816,0.0115141,0.988486
817,0.0200965,0.979904
818,0.911595,0.0884051
819,0.978001,0.0219992
820,0.146502,0.853498
821,0.144708,0.855292
822,0.604807,0.395193
823,0.990175,0.00982515
824,0.00706632,0.992934
825,0.0162233,0.983777
826,0.998364,0.00163608
827,0.0575693,0.942431
828,0.109036,0.890964
829,0.12487,0.87513
830,0.016504,0.983496
831,0.0877841,0.912216
832,0.07762,0.92238
833,0.0671098,0.93289
834,0.0431622,0.956838
835,0.177049,0.822951
836,0.684799,0.315201
837,0.407678,0.592322
838,0.289124,0.710876
839,0.992319,0.00768113
840,0.995875,0.00412534
841,0.0784945,0.921505
842,0.0173267,0.982673
843,0.0404001,0.9596
844,0.935399,0.0646007
845,0.406793,0.593207
846,0.0100568,0.989943
847,0.00696672,0.993033
848,0.0238581,0.976142
849,0.0127411,0.987259
850,0.0136446,0.986355
851,0.860926,0.139074
852,0.006996,0.993004
853,0.0348463,0.965154
854,0.0813428,0.918657
855,0.0338015,0.966199
856,0.0182815,0.981718
857,0.635891,0.364109
858,0.0359854,0.964015
859,0.0350218,0.964978
860,0.0245428,0.975457
861,0.988567,0.0114328
862,0.992875,0.00712515
863,0.976513,0.0234874
864,0.00622071,0.993779
865,0.0180866,0.981913
866,0.368937,0.631063
867,0.995814,0.00418577
868,0.195697,0.804303
869,0.062283,0.937717
870,0.767678,0.232322
871,0.149283,0.850717
872,0.82182,0.17818
873,0.0234811,0.976519
874,0.0381051,0.961895
875,0.401784,0.598216
876,0.118254,0.881746
877,0.25127,0.74873
878,0.887143,0.112857
879,0.477865,0.522135
880,0.902823,0.0971767
881,0.997856,0.0021439
882,0.0139001,0.9861
883,0.0366344,0.963366
884,0.332408,0.667592
885,0.091501,0.908499
886,0.0163557,0.983644
887,0.179521,0.820479
888,0.241057,0.758943
889,0.0514575,0.948542
890,0.223555,0.776445
891,0.731499,0.268501
892,0.945125,0.0548754
893,0.0514817,0.948518
894,0.00558706,0.994413
895,0.0215289,0.978471
896,0.0378085,0.962192
897,0.346998,0.653002
898,0.220037,0.779963
899,0.011011,0.988989
900,0.118064,0.881936
901,0.996923,0.00307684
902,0.797343,0.202657
903,0.397088,0.602912
904,0.0123864,0.987614
905,0.0179688,0.982031
906,0.0061919,0.993808
907,0.0163812,0.983619
908,0.0463575,0.953643
909,0.183357,0.816643
910,0.994038,0.00596153
911,0.999019,0.000980991
912,0.0268895,0.97311
913,0.0107258,0.989274
914,0.88337,0.11663
915,0.0309317,0.969068
916,0.0428372,0.957163
917,0.0245468,0.975453
918,0.0403615,0.959638
919,0.99798,0.00201966
920,0.20189,0.79811
921,0.9937,0.00629998
922,0.023762,0.976238
923,0.0255221,0.974478
924,0.818257,0.181743
925,0.0215299,0.97847
926,0.0440716,0.955928
927,0.749001,0.250999
928,0.0348263,0.965174
929,0.00868053,0.991319
930,0.0624936,0.937506
931,0.0642135,0.935786
932,0.977524,0.0224763
933,0.0980014,0.901999
934,0.0080268,0.991973
935,0.0200302,0.97997
936,0.193143,0.806857
937,0.690122,0.309878
938,0.0145564,0.985444
939,0.0475485,0.952452
940,0.0220247,0.977975
941,0.996225,0.00377477
942,0.874042,0.125958
943,0.0165126,0.983487
944,0.00744361,0.992556
945,0.856054,0.143946
946,0.00697973,0.99302
947,0.010937,0.989063
948,0.100862,0.899138
949,0.997786,0.00221419
950,0.994006,0.00599431
951,0.393569,0.606431
952,0.996908,0.00309237
953,0.0391689,0.960831
954,0.984908,0.0150921
955,0.994773,0.0052269
956,0.0511385,0.948861
957,0.601258,0.398742
958,0.0297464,0.970254
959,0.00686288,0.993137
960,0.0962084,0.903792
961,0.0131343,0.986866
962,0.0123466,0.987653
963,0.0515446,0.948456
964,0.035882,0.964118
965,0.934814,0.0651862
966,0.0324942,0.967506
967,0.703873,0.296127
968,0.011474,0.988526
969,0.995939,0.00406104
970,0.0614646,0.938535
971,0.506866,0.493134
972,0.80469,0.19531
973,0.157325,0.842675
974,0.994636,0.00536389
975,0.606862,0.393139
976,0.0434389,0.956561
977,0.00852153,0.991479
978,0.287086,0.712914
979,0.0860376,0.913962
980,0.0149733,0.985027
981,0.485851,0.514149
982,0.0689254,0.931075
983,0.0106226,0.989377
984,0.897891,0.102109
985,0.049051,0.950949
986,0.0140871,0.985913
987,0.552154,0.447846
988,0.0229766,0.977023
989,0.0106951,0.989305
990,0.173716,0.826284
991,0.0138316,0.986168
992,0.763838,0.236162
993,0.565845,0.434155
994,0.971066,0.0289337
995,0.995775,0.00422514
996,0.726902,0.273098
997,0.996451,0.00354904
998,0.00933803,0.990662
999,0.205367,0.794633
1000,0.0122522,0.987748
1001,0.99016,0.00983997
1002,0.338153,0.661847
1003,0.922679,0.0773208
1004,0.779892,0.220108
1005,0.0919205,0.90808
1006,0.998436,0.00156374
1007,0.946323,0.0536772
1008,0.831823,0.168177
1009,0.00566672,0.994333
1010,0.601066,0.398934
1011,0.917048,0.0829516
1012,0.0423531,0.957647
1013,0.0320386,0.967961
1014,0.552598,0.447403
1015,0.0054853,0.994515
1016,0.0307259,0.969274
1017,0.240165,0.759835
1018,0.95918,0.0408197
1019,0.00484708,0.995153
1020,0.336239,0.663761
1021,0.967859,0.0321414
1022,0.03354,0.96646
1023,0.0716995,0.9283
1024,0.0201312,0.979869
1025,0.086839,0.913161
1026,0.0178681,0.982132
1027,0.992913,0.00708717
1028,0.0115616,0.988438
1029,0.103872,0.896128
1030,0.957813,0.0421874
1031,0.22834,0.77166
1032,0.400163,0.599837
1033,0.0152174,0.984783
1034,0.542633,0.457367
1035,0.179373,0.820627
1036,0.910145,0.0898553
1037,0.0158144,0.984186
1038,0.101427,0.898572
1039,0.541588,0.458412
1040,0.00813949,0.991861
1041,0.99614,0.00386002
1042,0.993605,0.00639446
1043,0.959781,0.0402186
1044,0.00519785,0.994802
1045,0.998032,0.00196818
1046,0.0061649,0.993835
1047,0.00874698,0.991253
1048,0.0350186,0.964981
1049,0.00677517,0.993225
1050,0.968816,0.0311836
1051,0.0446499,0.95535
1052,0.992447,0.0075528
1053,0.0102975,0.989703
1054,0.0444254,0.955575
1055,0.0318042,0.968196
1056,0.034697,0.965303
1057,0.00960194,0.990398
1058,0.00926528,0.990735
1059,0.720107,0.279893
1060,0.995484,0.00451562
1061,0.985761,0.0142392
1062,0.00659238,0.993408
1063,0.0261614,0.973839
1064,0.00712557,0.992874
1065,0.00940491,0.990595
1066,0.0290641,0.970936
1067,0.022051,0.977949
1068,0.177764,0.822236
1069,0.377537,0.622463
1070,0.0222272,0.977773
1071,0.878369,0.121631
1072,0.967721,0.0322793
1073,0.0223157,0.977684
1074,0.00704927,0.992951
1075,0.0375186,0.962481
1076,0.0670917,0.932908
1077,0.0378115,0.962188
1078,0.0184892,0.981511
1079,0.984387,0.0156133
1080,0.986232,0.0137685
1081,0.991688,0.00831236
1082,0.0634391,0.936561
1083,0.605741,0.394259
1084,0.224693,0.775307
1085,0.015847,0.984153
1086,0.0119442,0.988056
1087,0.661638,0.338362
1088,0.952584,0.0474163
1089,0.556523,0.443477
1090,0.367114,0.632886
1091,0.0232985,0.976701
1092,0.996867,0.00313299
1093,0.194049,0.805951
1094,0.987917,0.0120834
1095,0.0466496,0.95335
1096,0.967253,0.0327474
1097,0.0563822,0.943618
1098,0.919451,0.0805487
1099,0.467501,0.532499
1100,0.975147,0.0248529
1101,0.959567,0.0404328
1102,0.0653217,0.934678
1103,0.00970665,0.990293
1104,0.0157729,0.984227
1105,0.0141334,0.985867
1106,0.0179125,0.982087
1107,0.667899,0.332101
1108,0.0411708,0.958829
1109,0.00423308,0.995767
1110,0.997706,0.00229381
1111,0.0244303,0.97557
1112,0.964177,0.0358231
1113,0.294062,0.705938
1114,0.700854,0.299146
1115,0.972179,0.0278207
1116,0.938371,0.0616291
1117,0.735518,0.264482
1118,0.913403,0.0865972
1119,0.384844,0.615156
1120,0.993471,0.00652947
1121,0.0372748,0.962725
1122,0.149581,0.850419
1123,0.981881,0.0181191
1124,0.980635,0.0193654
1125,0.960385,0.039615
1126,0.897956,0.102044
1127,0.951824,0.0481759
1128,0.0172093,0.982791
1129,0.0267387,0.973261
1130,0.0744916,0.925508
1131,0.525446,0.474554
1132,0.969145,0.0308552
1133,0.991619,0.00838139
1134,0.899913,0.100087
1135,0.399588,0.600412
1136,0.0234065,0.976593
1137,0.0103891,0.989611
1138,0.0725483,0.927452
1139,0.997548,0.00245171
1140,0.005415,0.994585
1141,0.016892,0.983108
1142,0.632548,0.367452
1143,0.0192493,0.980751
1144,0.950117,0.0498829
1145,0.813201,0.186799
1146,0.00863244,0.991368
1147,0.729931,0.270069
1148,0.00858866,0.991411
1149,0.0135981,0.986402
1150,0.981432,0.0185675
1151,0.0384944,0.961506
1152,0.00475095,0.995249
1153,0.0232283,0.976772
1154,0.980827,0.0191732
1155,0.98471,0.0152903
1156,0.0723103,0.92769
1157,0.00688367,0.993116
1158,0.997265,0.00273549
1159,0.00927581,0.990724
1160,0.718912,0.281088
1161,0.004325,0.995675
1162,0.00986093,0.990139
1163,0.268188,0.731812
1164,0.972792,0.027208
1165,0.176236,0.823764
1166,0.933983,0.0660166
1167,0.982169,0.0178311
1168,0.131289,0.868711
1169,0.169932,0.830068
1170,0.389377,0.610623
1171,0.990316,0.00968362
1172,0.993398,0.00660206
1173,0.988096,0.011904
1174,0.992277,0.00772282
1175,0.215194,0.784806
1176,0.93602,0.0639805
1177,0.693846,0.306154
1178,0.0172869,0.982713
1179,0.0378332,0.962167
1180,0.0255816,0.974418
1181,0.00920839,0.990792
1182,0.996864,0.00313549
1183,0.968879,0.0311208
1184,0.0100597,0.98994
1185,0.980026,0.0199738
1186,0.994581,0.00541929
1187,0.959991,0.0400094
1188,0.997733,0.00226675
1189,0.0452446,0.954755
1190,0.0322712,0.967729
1191,0.992943,0.00705726
1192,0.00947797,0.990522
1193,0.0141108,0.985889
1194,0.0131602,0.98684
1195,0.60856,0.39144
1196,0.550222,0.449778
1197,0.0104355,0.989564
1198,0.0642921,0.935708
1199,0.00748723,0.992513
1200,0.00924419,0.990756
1201,0.996226,0.00377405
1202,0.0116391,0.988361
1203,0.0242969,0.975703
1204,0.0487745,0.951226
1205,0.997159,0.00284107
1206,0.993527,0.00647283
1207,0.98707,0.0129299
1208,0.998366,0.00163418
1209,0.688085,0.311915
1210,0.975779,0.0242209
1211,0.998384,0.00161581
1212,0.0100827,0.989917
1213,0.204699,0.795301
1214,0.0236366,0.976363
1215,0.0439504,0.95605
1216,0.1844,0.8156
1217,0.151448,0.848552
1218,0.986883,0.0131175
1219,0.966894,0.0331058
1220,0.992796,0.00720389
1221,0.989306,0.0106942
1222,0.0113635,0.988637
1223,0.0203916,0.979608
1224,0.0267188,0.973281
1225,0.995,0.00499961
1226,0.975744,0.0242563
1227,0.203047,0.796953
1228,0.0185366,0.981463
1229,0.704803,0.295197
1230,0.994719,0.00528136
1231,0.990093,0.00990711
1232,0.0141933,0.985807
1233,0.0089977,0.991002
1234,0.982836,0.0171638
1235,0.01368,0.98632
1236,0.401119,0.598881
1237,0.972271,0.0277287
1238,0.00378347,0.996216
1239,0.01021,0.98979
1240,0.00561613,0.994384
1241,0.0493919,0.950608
1242,0.0280671,0.971933
1243,0.0053014,0.994699
1244,0.0308714,0.969129
1245,0.0210465,0.978954
1246,0.0097169,0.990283
1247,0.032343,0.967657
1248,0.0263391,0.973661
1249,0.0747702,0.92523
1250,0.512107,0.487893
1251,0.897693,0.102307
1252,0.993166,0.00683436
1253,0.739595,0.260405
1254,0.548651,0.451349
1255,0.992067,0.00793284
1256,0.990245,0.0097545
1257,0.760515,0.239485
1258,0.955521,0.0444794
1259,0.0137379,0.986262
1260,0.299026,0.700974
1261,0.71525,0.28475
1262,0.724921,0.275079
1263,0.996017,0.00398312
1264,0.144681,0.855319
1265,0.997222,0.00277845
1266,0.991825,0.00817492
1267,0.99022,0.00978034
1268,0.979994,0.0200059
1269,0.017346,0.982654
1270,0.989054,0.0109463
1271,0.00843561,0.991564
1272,0.0093366,0.990663
1273,0.0216384,0.978362
1274,0.0173884,0.982612
1275,0.0111157,0.988884
1276,0.0167336,0.983266
1277,0.0106492,0.989351
1278,0.096831,0.903169
1279,0.0125345,0.987465
1280,0.0852499,0.91475
1281,0.0244808,0.975519
1282,0.993096,0.00690412
1283,0.722997,0.277003
1284,0.0365377,0.963462
1285,0.0382416,0.961758
1286,0.546288,0.453712
1287,0.319211,0.680789
1288,0.986904,0.0130957
1289,0.994862,0.00513831
1290,0.400571,0.599429
1291,0.265449,0.734551
1292,0.161256,0.838744
1293,0.309199,0.690801
1294,0.78328,0.21672
1295,0.17557,0.82443
1296,0.606723,0.393277
1297,0.989735,0.0102645
1298,0.885115,0.114885
1299,0.769931,0.230068
1300,0.0219237,0.978076
1301,0.946146,0.0538542
1302,0.924676,0.0753243
1303,0.0532914,0.946709
1304,0.99414,0.00585974
1305,0.140814,0.859186
1306,0.206441,0.793559
1307,0.905488,0.0945118
1308,0.386687,0.613313
1309,0.605545,0.394455
1310,0.0494786,0.950521
1311,0.902778,0.0972218
1312,0.91832,0.0816804
1313,0.0306057,0.969394
1314,0.586194,0.413806
1315,0.321859,0.678141
1316,0.946766,0.0532345
1317,0.945495,0.0545052
1318,0.984108,0.015892
1319,0.99407,0.00593042
1320,0.957511,0.0424886
1321,0.938571,0.0614291
1322,0.912806,0.087194
1323,0.971589,0.0284107
1324,0.985583,0.0144169
1325,0.966032,0.0339681
1326,0.828887,0.171112
1327,0.946146,0.0538542
1328,0.633775,0.366225
1329,0.981994,0.018006
1330,0.766491,0.233509
1331,0.624139,0.375861
1332,0.902008,0.0979921
1333,0.966214,0.0337864
1334,0.88572,0.11428
1335,0.991397,0.00860324
1336,0.698372,0.301628
1337,0.946146,0.0538542
1338,0.983161,0.0168387
1339,0.593354,0.406646
1340,0.923144,0.0768563
1341,0.633783,0.366217
1342,0.963239,0.0367614
1343,0.994941,0.00505862
1344,0.874616,0.125384
1345,0.724115,0.275885
1346,0.981765,0.0182352
1347,0.761411,0.238589
1348,0.797592,0.202408
1349,0.886726,0.113274
1350,0.952607,0.0473934
1351,0.964938,0.0350621
1352,0.991842,0.00815781
1353,0.641876,0.358124
1354,0.946146,0.0538542
1355,0.969212,0.0307882
1356,0.673685,0.326315
1357,0.903449,0.0965506
1358,0.118106,0.881894
1359,0.974559,0.025441
1360,0.425984,0.574016
1361,0.984447,0.0155527
1362,0.16495,0.83505
1363,0.941656,0.0583441
1364,0.86399,0.13601
1365,0.615908,0.384092
1366,0.534514,0.465486
1367,0.634208,0.365792
1368,0.993055,0.00694495
1369,0.205081,0.794919
1370,0.759342,0.240658
1371,0.964209,0.0357913
1372,0.888181,0.111819
1373,0.0471468,0.952853
1374,0.913781,0.0862188
1375,0.633783,0.366217
1376,0.632685,0.367315
1377,0.970434,0.0295659
1378,0.988398,0.0116017
1379,0.852561,0.147439
1380,0.677205,0.322795
1381,0.717459,0.282541
1382,0.723406,0.276594
1383,0.996897,0.00310331
1384,0.630298,0.369702
1385,0.973354,0.0266457
1386,0.910576,0.0894245
1387,0.213929,0.786071
1388,0.156555,0.843445
1389,0.992831,0.00716896
1390,0.502629,0.497371
1391,0.909551,0.0904489
1392,0.877526,0.122474
1393,0.70826,0.29174
1394,0.992399,0.00760083
1395,0.977496,0.0225042
1396,0.890577,0.109423
1397,0.947399,0.0526006
1398,0.994863,0.00513693
1399,0.843844,0.156156
1400,0.99742,0.00257984
1401,0.965922,0.0340782
1402,0.983176,0.0168241
1403,0.979214,0.0207862
1404,0.857742,0.142258
1405,0.578665,0.421335
1406,0.964276,0.0357242
1407,0.755097,0.244903
1408,0.986008,0.0139921
1409,0.982938,0.0170618
1410,0.979526,0.0204736
1411,0.781165,0.218835
1412,0.984738,0.0152623
1413,0.968851,0.0311486
1414,0.804173,0.195827
1415,0.994741,0.00525908
1416,0.120692,0.879308
1417,0.946816,0.0531842
1418,0.920873,0.0791275
1419,0.906088,0.0939121
1420,0.602449,0.397551
1421,0.878066,0.121934
1422,0.773791,0.226209
1423,0.98675,0.0132497
1424,0.804295,0.195705
1425,0.988118,0.0118815
1426,0.961635,0.0383651
1427,0.903449,0.0965506
1428,0.945495,0.0545052
1429,0.460479,0.539521
1430,0.830142,0.169858
1431,0.975968,0.0240325
1432,0.983653,0.0163468
1433,0.994961,0.00503945
1434,0.986759,0.0132406
1435,0.667492,0.332508
1436,0.971432,0.0285684
1437,0.625797,0.374203
1438,0.991266,0.00873374
1439,0.906509,0.0934914
1440,0.996279,0.00372105
1441,0.977661,0.0223392
1442,0.935971,0.064029
1443,0.692854,0.307146
1444,0.928321,0.0716785
1445,0.865142,0.134858
1446,0.855795,0.144205
1447,0.97352,0.0264802
1448,0.919996,0.0800038
1449,0.43788,0.56212
1450,0.782635,0.217365
1451,0.995757,0.00424288
1452,0.793311,0.206689
1453,0.94531,0.0546904
1454,0.0486689,0.951331
1455,0.798523,0.201477
1456,0.587147,0.412853
1457,0.984474,0.015526
1458,0.209036,0.790964
1459,0.995863,0.00413669
1460,0.987429,0.0125708
1461,0.985232,0.0147681
1462,0.97514,0.02486
1463,0.851562,0.148438
1464,0.591163,0.408837
1465,0.993893,0.00610659
1466,0.992358,0.00764184
1467,0.993986,0.00601437
1468,0.99012,0.00988022
1469,0.919761,0.0802394
1470,0.978791,0.0212092
1471,0.946146,0.0538542
1472,0.991478,0.00852176
1473,0.824958,0.175042
1474,0.875579,0.124421
1475,0.636444,0.363556
1476,0.99319,0.00680995
1477,0.277216,0.722784
1478,0.989475,0.0105246
1479,0.951181,0.0488191
1480,0.935489,0.0645111
1481,0.978533,0.0214673
1482,0.0629582,0.937042
1483,0.83627,0.16373
1484,0.955529,0.0444713
1485,0.642178,0.357822
1486,0.89801,0.10199
1487,0.989981,0.010019
1488,0.977108,0.022892
1489,0.77213,0.22787
1490,0.972646,0.027354
1491,0.26626,0.73374
1492,0.794782,0.205218
1493,0.838475,0.161525
1494,0.461411,0.538589
1495,0.938041,0.061959
1496,0.955303,0.0446966
1497,0.733173,0.266827
1498,0.896831,0.103169
1499,0.952792,0.0472076
1500,0.988776,0.0112238
1501,0.975871,0.0241294
1502,0.99182,0.00817961
1503,0.986837,0.0131632
1504,0.997814,0.00218628
1505,0.739605,0.260395
1506,0.902167,0.0978326
1507,0.595641,0.404359
1508,0.920706,0.0792938
1509,0.994545,0.0054545
1510,0.283995,0.716004
1511,0.833009,0.166991
1512,0.154884,0.845116
1513,0.99375,0.00624961
1514,0.742601,0.2574
1515,0.387359,0.612641
1516,0.821932,0.178068
1517,0.785215,0.214785
1518,0.882356,0.117643
1519,0.931869,0.0681314
1520,0.944063,0.0559369
1521,0.946146,0.0538542
1522,0.976512,0.0234881
1523,0.919988,0.0800117
1524,0.227564,0.772436
1525,0.966582,0.0334177
1526,0.965866,0.0341336
1527,0.0345573,0.965443
1528,0.222613,0.777387
1529,0.464547,0.535453
1530,0.991595,0.0084053
1531,0.986709,0.0132905
1532,0.433526,0.566474
1533,0.994713,0.00528664
1534,0.899893,0.100107
1535,0.889387,0.110613
1536,0.989212,0.0107878
1537,0.967794,0.0322064
1538,0.994979,0.0050207
1539,0.509156,0.490844
1540,0.77416,0.22584
1541,0.714939,0.285061
1542,0.959069,0.0409307
1543,0.985372,0.0146276
1544,0.993664,0.00633648
1545,0.447688,0.552312
1546,0.820723,0.179277
1547,0.981856,0.0181436
1548,0.988877,0.0111231
1549,0.955797,0.0442034
1550,0.99154,0.00846002
1551,0.992583,0.00741674
1552,0.955849,0.0441509
1553,0.973903,0.0260975
1554,0.993187,0.00681315
1555,0.133285,0.866715
1556,0.959396,0.0406043
1557,0.994502,0.00549814
1558,0.996982,0.00301796
1559,0.941253,0.0587466
1560,0.476229,0.523771
1561,0.995248,0.00475172
1562,0.550658,0.449342
1563,0.470154,0.529846
1564,0.242074,0.757926
1565,0.986896,0.0131039
1566,0.156991,0.843009
1567,0.473565,0.526435
1568,0.831384,0.168616
1569,0.916614,0.083386
1570,0.357403,0.642597
1571,0.209524,0.790476
1572,0.934711,0.0652889
1573,0.168214,0.831786
1574,0.907133,0.0928672
1575,0.993998,0.00600244
1576,0.959985,0.0400149
1577,0.9773,0.0226997
1578,0.969801,0.0301987
1579,0.103523,0.896477
1580,0.714326,0.285674
1581,0.936734,0.0632663
1582,0.57896,0.42104
1583,0.959285,0.0407145
1584,0.977761,0.0222394
1585,0.793406,0.206594
1586,0.126903,0.873097
1587,0.960728,0.0392717
1588,0.904108,0.095892
1589,0.991535,0.00846451
1590,0.97649,0.0235099
1591,0.935072,0.0649279
1592,0.525591,0.474409
1593,0.837601,0.162399
1594,0.942455,0.0575446
1595,0.98876,0.0112401
1596,0.992443,0.00755687
1597,0.616869,0.383131
1598,0.02284,0.97716
1599,0.714178,0.285822
1600,0.993542,0.0064576
1601,0.840022,0.159978
1602,0.989084,0.0109163
1603,0.448942,0.551058
1604,0.960021,0.039979
1605,0.408872,0.591128
1606,0.754618,0.245382
1607,0.613806,0.386194
1608,0.994569,0.00543099
1609,0.173594,0.826406
1610,0.831576,0.168424
1611,0.248997,0.751003
1612,0.958815,0.0411851
1613,0.987816,0.0121843
1614,0.655001,0.344999
1615,0.69529,0.30471
1616,0.178356,0.821644
1617,0.85579,0.14421
1618,0.121981,0.878019
1619,0.596312,0.403688
1620,0.088051,0.911949
1621,0.937936,0.0620641
1622,0.672855,0.327145
1623,0.349596,0.650404
1624,0.0549882,0.945012
1625,0.711698,0.288302
1626,0.880267,0.119733
1627,0.831657,0.168343
1628,0.974038,0.0259622
1629,0.986471,0.0135285
1630,0.210655,0.789345
1631,0.762372,0.237628
1632,0.957883,0.0421172
1633,0.55165,0.44835
1634,0.997403,0.00259691
1635,0.975718,0.024282
1636,0.781875,0.218125
1637,0.359751,0.640249
1638,0.993939,0.00606137
1639,0.982,0.018
1640,0.601803,0.398197
1641,0.944074,0.055926
1642,0.910321,0.0896794
1643,0.96222,0.0377801
1644,0.912798,0.0872021
1645,0.873289,0.126711
1646,0.887903,0.112097
1647,0.945143,0.0548566
1648,0.98338,0.0166199
1649,0.545311,0.454689
1650,0.996335,0.00366526
1651,0.852886,0.147114
1652,0.140191,0.859809
1653,0.971962,0.0280384
1654,0.921655,0.0783456
1655,0.717437,0.282563
1656,0.989617,0.0103826
1657,0.963318,0.036682
1658,0.729994,0.270006
1659,0.451082,0.548918
1660,0.967199,0.032801
1661,0.991555,0.00844549
1662,0.755561,0.244439
1663,0.974696,0.025304
1664,0.9937,0.00629981
1665,0.990931,0.00906915
1666,0.854703,0.145297
1667,0.906955,0.0930453
1668,0.955556,0.0444437
1669,0.974641,0.0253593
1670,0.976095,0.0239053
1671,0.959366,0.0406336
1672,0.994307,0.00569351
1673,0.994346,0.00565349
1674,0.95149,0.0485101
1675,0.0585558,0.941444
1676,0.35617,0.64383
1677,0.929615,0.0703846
1678,0.797385,0.202615
1679,0.789839,0.210161
1680,0.984022,0.0159784
1681,0.983124,0.0168756
1682,0.997155,0.00284537
1683,0.996983,0.0030173
1684,0.460068,0.539932
1685,0.864974,0.135026
1686,0.934885,0.0651149
1687,0.184533,0.815467
1688,0.967466,0.0325344
1689,0.174671,0.825329
1690,0.992047,0.00795346
1691,0.981867,0.0181327
1692,0.997336,0.00266392
1693,0.13973,0.86027
1694,0.983129,0.0168705
1695,0.771157,0.228843
1696,0.957869,0.0421311
1697,0.330697,0.669303
1698,0.956946,0.0430535
1699,0.516742,0.483258
1700,0.258724,0.741276
