0.000000,-0.859838,1
0.040000,-0.858822,1
0.080000,-0.858481,1
0.120000,-0.857044,1
0.160000,-0.855379,1
0.200000,-0.854553,1
0.240000,-0.854506,1
0.280000,-0.853877,1
0.320000,-0.853563,1
0.360000,-0.853170,1
0.400000,-0.851546,1
0.440000,-0.852090,1
0.480000,-0.855235,1
0.520000,-0.856961,1
0.560000,-0.856910,1
0.600000,-0.852531,1
0.640000,-0.853253,1
0.680000,-0.855722,1
0.720000,-0.854549,1
0.760000,-0.853885,1
0.800000,-0.853774,1
0.840000,-0.852261,1
0.880000,-0.852050,1
0.920000,-0.852132,1
0.960000,-0.851389,1
1.000000,-0.849954,1
1.040000,-0.848842,1
1.080000,-0.848545,1
1.120000,-0.847987,1
1.160000,-0.846842,1
1.200000,-0.845241,1
1.240000,-0.844257,1
1.280000,-0.842832,1
1.320000,-0.841881,1
1.360000,-0.841198,1
1.400000,-0.840783,1
1.440000,-0.839558,1
1.480000,-0.839093,1
1.520000,-0.838770,1
1.560000,-0.839094,1
1.600000,-0.839250,1
1.640000,-0.840177,1
1.680000,-0.841081,1
1.720000,-0.842518,1
1.760000,-0.842981,1
1.800000,-0.842080,1
1.840000,-0.841928,1
1.880000,-0.843495,1
1.920000,-0.844146,1
1.960000,-0.844113,1
2.000000,-0.844060,1
2.040000,-0.844252,1
2.080000,-0.843856,1
2.120000,-0.841279,1
2.160000,-0.836932,1
2.200000,-0.828400,1
2.240000,-0.813009,1
2.280000,-0.796669,1
2.320000,-0.781242,1
2.360000,-0.748812,1
2.400000,-0.717509,1
2.440000,-0.695545,1
2.480000,-0.656573,1
2.520000,-0.632650,1
2.560000,-0.626347,1
2.600000,-0.625692,1
2.640000,-0.617708,1
2.680000,-0.601734,1
2.720000,-0.574509,1
2.760000,-0.557728,1
2.800000,-0.527044,1
2.840000,-0.519649,1
2.880000,-0.539111,1
2.920000,-0.545489,1
2.960000,-0.512273,1
3.000000,-0.506123,1
3.040000,-0.541944,1
3.080000,-0.565770,1
3.120000,-0.617380,1
3.160000,-0.642134,1
3.200000,-0.647476,1
3.240000,-0.661149,1
3.280000,-0.657968,1
3.320000,-0.634652,1
3.360000,-0.571397,1
3.400000,-0.576784,1
3.440000,-0.711029,1
3.480000,-0.888657,1
3.520000,-0.988046,1
3.560000,-1.043192,1
3.600000,-1.127750,1
3.640000,-1.143265,1
3.680000,-1.129694,1
3.720000,-1.107508,1
3.760000,-1.085477,1
3.800000,-1.034914,1
3.840000,-1.006268,1
3.880000,-1.002527,1
3.920000,-1.035149,1
3.960000,-1.045465,1
4.000000,-1.031302,1
4.040000,-0.941336,1
4.080000,-0.877736,1
4.120000,-0.849375,1
4.160000,-0.810802,1
4.200000,-0.761642,1
4.240000,-0.658276,1
4.280000,-0.533896,1
4.320000,-0.597491,1
4.360000,-0.593614,1
4.400000,-0.523235,1
4.440000,-0.547588,1
4.480000,-0.630064,1
4.520000,-0.714269,1
4.560000,-0.697224,1
4.600000,-0.684220,1
4.640000,-0.728012,1
4.680000,-0.971109,1
4.720000,-1.051083,1
4.760000,-1.136829,1
4.800000,-1.192345,1
4.840000,-1.121590,1
4.880000,-1.105181,1
4.920000,-1.058612,1
4.960000,-1.031545,1
5.000000,-0.974813,1
5.040000,-0.994516,1
5.080000,-1.016921,1
5.120000,-1.052981,1
5.160000,-1.017237,1
5.200000,-0.972184,1
5.240000,-0.946295,1
5.280000,-0.918215,1
5.320000,-0.884131,1
5.360000,-0.831616,1
5.400000,-0.730531,1
5.440000,-0.641947,1
5.480000,-0.668402,1
5.520000,-0.765431,1
5.560000,-0.710273,1
5.600000,-0.630515,1
5.640000,-0.592169,1
5.680000,-0.587973,1
5.720000,-0.569629,1
5.760000,-0.623663,1
5.800000,-0.669106,1
5.840000,-0.652740,1
5.880000,-0.789636,1
5.920000,-0.901301,1
5.960000,-1.030179,1
6.000000,-1.083053,1
6.040000,-1.126297,1
6.080000,-1.081846,1
6.120000,-1.070962,1
6.160000,-1.031719,1
6.200000,-0.958540,1
6.240000,-0.937135,1
6.280000,-0.976208,1
6.320000,-1.060501,1
6.360000,-1.047215,1
6.400000,-1.019262,1
6.440000,-0.944027,1
6.480000,-0.915871,1
6.520000,-0.877445,1
6.560000,-0.865269,1
6.600000,-0.865273,1
6.640000,-0.782058,1
6.680000,-0.662175,1
6.720000,-0.673753,1
6.760000,-0.671353,1
6.800000,-0.584934,1
6.840000,-0.542385,1
6.880000,-0.597254,1
6.920000,-0.659643,1
6.960000,-0.696367,1
7.000000,-0.750179,1
7.040000,-0.789933,1
7.080000,-0.719022,1
7.120000,-0.767902,1
7.160000,-0.938938,1
7.200000,-1.046363,1
7.240000,-1.140229,1
7.280000,-1.196690,1
7.320000,-1.154770,1
7.360000,-1.154576,1
7.400000,-1.107666,1
7.440000,-1.072918,1
7.480000,-1.058713,1
7.520000,-1.085107,1
7.560000,-1.130115,1
7.600000,-1.169734,1
7.640000,-1.141861,1
7.680000,-1.086964,1
7.720000,-1.095551,1
7.760000,-1.126308,1
7.800000,-1.103051,1
7.840000,-1.072668,1
7.880000,-1.067520,1
7.920000,-1.052797,1
7.960000,-0.958070,1
8.000000,-0.749674,1
8.040000,-0.794449,1
8.080000,-0.806972,1
8.120000,-0.728373,1
8.160000,-0.702317,1
8.200000,-0.769339,1
8.240000,-0.915056,1
8.280000,-0.965149,1
8.320000,-0.968746,1
8.360000,-0.909098,1
8.400000,-1.008789,1
8.440000,-1.216738,1
8.480000,-1.282331,1
8.520000,-1.369490,1
8.560000,-1.450776,1
8.600000,-1.375341,1
8.640000,-1.349836,1
8.680000,-1.325473,1
8.720000,-1.294515,1
8.760000,-1.284371,1
8.800000,-1.333760,1
8.840000,-1.401076,1
8.880000,-1.417636,1
8.920000,-1.380542,1
8.960000,-1.287905,1
9.000000,-1.258250,1
9.040000,-1.204141,1
9.080000,-1.183060,1
9.120000,-1.163191,1
9.160000,-0.997165,1
9.200000,-0.995030,1
9.240000,-1.024644,1
9.280000,-1.057562,1
9.320000,-0.985230,1
9.360000,-0.893076,1
9.400000,-0.900966,1
9.440000,-0.931552,1
9.480000,-0.962177,1
9.520000,-1.083114,1
9.560000,-1.103993,1
9.600000,-1.049936,1
9.640000,-1.209026,1
9.680000,-1.298167,1
9.720000,-1.382558,1
9.760000,-1.440333,1
9.800000,-1.408900,1
9.840000,-1.385081,1
9.880000,-1.382318,1
9.920000,-1.373369,1
9.960000,-1.336654,1
10.000000,-1.344649,1
10.040000,-1.360455,1
10.080000,-1.385815,1
10.120000,-1.385347,1
10.160000,-1.358835,1
10.200000,-1.350830,1
10.240000,-1.365035,1
10.280000,-1.348536,1
10.320000,-1.309863,1
10.360000,-1.293809,1
10.400000,-1.296273,1
10.440000,-1.269777,1
10.480000,-1.120816,1
10.520000,-1.143956,1
10.560000,-1.236529,1
10.600000,-1.236579,1
10.640000,-1.187153,1
10.680000,-1.168281,1
10.720000,-1.175909,1
10.760000,-1.171126,1
10.800000,-1.174032,1
10.840000,-1.201723,1
10.880000,-1.208104,1
10.920000,-1.228557,1
10.960000,-1.245258,1
11.000000,-1.213180,1
11.040000,-1.228713,1
11.080000,-1.416912,1
11.120000,-1.499031,1
11.160000,-1.572740,1
11.200000,-1.668553,1
11.240000,-1.681453,1
11.280000,-1.689362,1
11.320000,-1.683497,1
11.360000,-1.633429,1
11.400000,-1.583011,1
11.440000,-1.564163,1
11.480000,-1.569002,1
11.520000,-1.598528,1
11.560000,-1.606059,1
11.600000,-1.573414,1
11.640000,-1.541930,1
11.680000,-1.566268,1
11.720000,-1.575059,1
11.760000,-1.535216,1
11.800000,-1.498768,1
11.840000,-1.449765,1
11.880000,-1.381435,1
11.920000,-1.214310,1
11.960000,-1.226656,1
12.000000,-1.288185,1
12.040000,-1.264663,1
12.080000,-1.206950,1
12.120000,-1.261211,1
12.160000,-1.365721,1
12.200000,-1.475729,8
12.240000,-1.503071,1
12.280000,-1.448139,1
12.320000,-1.371736,1
12.360000,-1.307885,1
12.400000,-1.389267,1
12.440000,-1.567301,1
12.480000,-1.624751,1
12.520000,-1.688499,1
12.560000,-1.754675,1
12.600000,-1.715683,1
12.640000,-1.419439,1
12.680000,-1.219391,1
12.720000,-1.247291,1
12.760000,-1.212496,1
12.800000,-1.232289,1
12.840000,-1.277741,1
12.880000,-1.282673,1
12.920000,-1.046792,1
12.960000,-0.803482,1
13.000000,-0.790312,1
13.040000,-0.857352,1
13.080000,-0.947740,1
13.120000,-1.094742,1
13.160000,-1.164950,1
13.200000,-1.109884,1
13.240000,-1.069105,1
13.280000,-1.021289,1
13.320000,-0.956648,1
13.360000,-0.875421,1
13.400000,-0.860961,1
13.440000,-0.838039,1
13.480000,-0.830034,1
13.520000,-0.824250,1
13.560000,-0.833996,1
13.600000,-0.930096,1
13.640000,-1.035477,1
13.680000,-1.141205,1
13.720000,-1.289296,1
13.760000,-1.346276,1
13.800000,-1.370831,1
13.840000,-1.379714,1
13.880000,-1.351337,1
13.920000,-1.331703,1
13.960000,-1.287527,1
14.000000,-1.272622,1
14.040000,-1.300355,1
14.080000,-1.363701,1
14.120000,-1.420528,1
14.160000,-1.447083,1
14.200000,-1.443061,1
14.240000,-1.384667,1
14.280000,-1.366172,1
14.320000,-1.378735,1
14.360000,-1.388028,1
14.400000,-1.410423,1
14.440000,-1.361086,1
14.480000,-1.317422,1
14.520000,-1.370173,1
14.560000,-1.406008,1
14.600000,-1.307068,1
14.640000,-1.369817,1
14.680000,-1.429280,1
14.720000,-1.456107,1
14.760000,-1.461428,1
14.800000,-1.461016,1
14.840000,-1.472391,1
14.880000,-1.474372,1
14.920000,-1.485357,1
14.960000,-1.512182,1
15.000000,-1.549115,1
15.040000,-1.536939,1
15.080000,-1.510965,1
15.120000,-1.584009,1
15.160000,-1.696512,1
15.200000,-1.831951,1
15.240000,-1.944033,1
15.280000,-2.019892,1
15.320000,-2.081816,1
15.360000,-2.095797,1
15.400000,-2.067444,1
15.440000,-2.006173,1
15.480000,-1.967742,1
15.520000,-1.946168,1
15.560000,-1.957857,1
15.600000,-2.019418,1
15.640000,-2.051154,1
15.680000,-2.023775,1
15.720000,-1.956821,1
15.760000,-1.929526,1
15.800000,-1.903529,1
15.840000,-1.870899,1
15.880000,-1.845921,1
15.920000,-1.753652,1
15.960000,-1.683453,1
16.000000,-1.703054,1
16.040000,-1.733491,1
16.080000,-1.735156,1
16.120000,-1.666857,1
16.160000,-1.624901,1
16.200000,-1.625040,1
16.240000,-1.632530,1
16.280000,-1.645665,1
16.320000,-1.689307,1
16.360000,-1.779476,1
16.400000,-1.798982,1
16.440000,-1.724028,1
16.480000,-1.664664,1
16.520000,-1.693024,1
16.560000,-1.826891,1
16.600000,-1.968804,1
16.640000,-2.035990,1
16.680000,-2.107134,1
16.720000,-2.112852,1
16.760000,-2.081447,1
16.800000,-2.051167,1
16.840000,-1.982057,1
16.880000,-1.933225,1
16.920000,-1.942491,1
16.960000,-1.963750,1
17.000000,-2.013398,1
17.040000,-2.025622,1
17.080000,-2.013707,1
17.120000,-1.996245,1
17.160000,-1.971173,1
17.200000,-1.961632,1
17.240000,-1.908268,1
17.280000,-1.816795,1
17.320000,-1.790012,1
17.360000,-1.728019,1
17.400000,-1.740364,1
17.440000,-1.786413,1
17.480000,-1.783306,1
17.520000,-1.636493,1
17.560000,-1.623113,1
17.600000,-1.669728,1
17.640000,-1.748117,1
17.680000,-1.796645,1
17.720000,-1.845589,1
17.760000,-1.886434,1
17.800000,-1.808707,1
17.840000,-1.777011,1
17.880000,-1.879170,1
17.920000,-2.017960,1
17.960000,-2.074784,1
18.000000,-2.137448,1
18.040000,-2.176041,1
18.080000,-2.176647,1
18.120000,-2.105546,1
18.160000,-1.983953,1
18.200000,-1.884245,1
18.240000,-1.862471,1
18.280000,-1.889916,1
18.320000,-1.914717,1
18.360000,-1.954612,1
18.400000,-1.934483,1
18.440000,-1.774085,1
18.480000,-1.651313,1
18.520000,-1.503115,1
18.560000,-1.532451,1
18.600000,-1.585943,1
18.640000,-1.692660,1
18.680000,-1.721832,1
18.720000,-1.691589,1
18.760000,-1.684984,1
18.800000,-1.632931,1
18.840000,-1.582521,1
18.880000,-1.561881,1
18.920000,-1.520039,1
18.960000,-1.521982,1
19.000000,-1.668063,1
19.040000,-1.768855,1
19.080000,-1.867458,1
19.120000,-1.920918,1
19.160000,-1.936148,1
19.200000,-1.874123,1
19.240000,-1.761497,1
19.280000,-1.714382,1
19.320000,-1.661623,1
19.360000,-1.736390,1
19.400000,-1.767765,1
19.440000,-1.801190,1
19.480000,-1.725886,1
19.520000,-1.608050,1
19.560000,-1.588934,1
19.600000,-1.630451,1
19.640000,-1.662489,1
19.680000,-1.667125,1
19.720000,-1.543959,1
19.760000,-1.527629,1
19.800000,-1.537637,1
19.840000,-1.554177,1
19.880000,-1.551844,1
19.920000,-1.535916,1
19.960000,-1.526218,1
20.000000,-1.527780,1
20.040000,-1.514740,1
20.080000,-1.502469,1
20.120000,-1.500551,1
20.160000,-1.490478,1
20.200000,-1.483196,1
20.240000,-1.478492,1
20.280000,-1.482088,1
20.320000,-1.481514,1
20.360000,-1.477716,1
20.400000,-1.474901,1
20.440000,-1.471378,1
20.480000,-1.464773,1
20.520000,-1.461507,1
20.560000,-1.456800,1
20.600000,-1.452240,1
20.640000,-1.434647,1
20.680000,-1.428269,1
20.720000,-1.422818,1
20.760000,-1.411843,1
20.800000,-1.403071,1
20.840000,-1.394550,1
20.880000,-1.387984,1
20.920000,-1.384412,1
20.960000,-1.375317,1
21.000000,-1.361388,1
21.040000,-1.354569,1
21.080000,-1.349281,1
21.120000,-1.339897,1
21.160000,-1.328863,1
21.200000,-1.327904,1
21.240000,-1.324799,1
21.280000,-1.315954,1
21.320000,-1.306764,1
21.360000,-1.292832,1
21.400000,-1.274426,1
21.440000,-1.263268,1
21.480000,-1.258181,1
21.520000,-1.250804,1
21.560000,-1.243518,1
21.600000,-1.237848,1
21.640000,-1.231777,1
21.680000,-1.225097,1
21.720000,-1.219008,1
21.760000,-1.213167,1
21.800000,-1.209254,1
21.840000,-1.209478,1
21.880000,-1.209529,1
21.920000,-1.206697,1
21.960000,-1.205455,1
22.000000,-1.197330,1
22.040000,-1.175911,1
22.080000,-1.157397,1
22.120000,-1.148685,1
22.160000,-1.133347,1
22.200000,-1.115731,1
22.240000,-1.108798,1
22.280000,-1.102334,1
22.320000,-1.088045,1
22.360000,-1.088952,1
22.400000,-1.098599,1
22.440000,-1.083256,1
22.480000,-1.088023,1
22.520000,-1.115311,1
22.560000,-1.177889,1
22.600000,-1.229792,1
22.640000,-1.247493,1
22.680000,-1.301743,1
22.720000,-1.346449,1
22.760000,-1.371880,1
22.800000,-1.395761,1
22.840000,-1.401569,1
22.880000,-1.385740,1
22.920000,-1.368973,1
22.960000,-1.362200,1
23.000000,-1.341005,1
23.040000,-1.327251,1
23.080000,-1.315413,1
23.120000,-1.260713,1
23.160000,-1.229815,1
23.200000,-1.254784,1
23.240000,-1.255726,1
23.280000,-1.249547,1
23.320000,-1.269541,1
23.360000,-1.358080,1
23.400000,-1.421129,1
23.440000,-1.499784,1
23.480000,-1.551527,1
23.520000,-1.548324,1
23.560000,-1.518667,1
23.600000,-1.475859,1
23.640000,-1.456944,1
23.680000,-1.434864,1
23.720000,-1.419161,1
23.760000,-1.421778,1
23.800000,-1.435289,1
23.840000,-1.415137,1
23.880000,-1.372761,1
23.920000,-1.353478,1
23.960000,-1.319689,1
24.000000,-1.276379,1
24.040000,-1.227453,1
24.080000,-1.253408,1
24.120000,-1.290710,1
24.160000,-1.291997,1
24.200000,-1.264532,1
24.240000,-1.253229,1
24.280000,-1.258246,1
24.320000,-1.229950,1
24.360000,-1.096887,1
24.400000,-1.060865,1
24.440000,-1.117031,1
24.480000,-1.066835,1
24.520000,-1.103108,1
24.560000,-1.186510,1
24.600000,-1.229964,1
24.640000,-1.265934,1
24.680000,-1.301076,1
24.720000,-1.304396,1
24.760000,-1.305503,1
24.800000,-1.255236,1
24.840000,-1.242883,1
24.880000,-1.269900,1
24.920000,-1.260270,1
24.960000,-1.286353,1
25.000000,-1.349413,1
25.040000,-1.556396,1
25.080000,-1.650009,1
25.120000,-1.719151,1
25.160000,-1.779362,1
25.200000,-1.814745,1
25.240000,-1.800036,1
25.280000,-1.747788,1
25.320000,-1.677872,1
25.360000,-1.655724,1
25.400000,-1.646912,1
25.440000,-1.657774,1
25.480000,-1.685581,1
25.520000,-1.690041,1
25.560000,-1.690340,1
25.600000,-1.619083,1
25.640000,-1.544926,1
25.680000,-1.530247,1
25.720000,-1.513994,1
25.760000,-1.297049,1
25.800000,-1.293119,1
25.840000,-1.376091,1
25.880000,-1.408100,1
25.920000,-1.390084,1
25.960000,-1.316442,1
26.000000,-1.323652,1
26.040000,-1.368013,1
26.080000,-1.391347,1
26.120000,-1.363560,1
26.160000,-1.314879,1
26.200000,-1.299216,1
26.240000,-1.427256,1
26.280000,-1.585328,1
26.320000,-1.640064,1
26.360000,-1.700590,1
26.400000,-1.748945,1
26.440000,-1.759535,1
26.480000,-1.741891,1
26.520000,-1.698599,1
26.560000,-1.659936,1
26.600000,-1.594672,1
26.640000,-1.609174,1
26.680000,-1.630490,1
26.720000,-1.643462,1
26.760000,-1.614224,1
26.800000,-1.568178,1
26.840000,-1.538539,1
26.880000,-1.525363,1
26.920000,-1.542641,1
26.960000,-1.480011,1
27.000000,-1.393981,1
27.040000,-1.219962,1
27.080000,-1.271598,1
27.120000,-1.318456,1
27.160000,-1.262890,1
27.200000,-1.195598,1
27.240000,-1.219387,1
27.280000,-1.302817,1
27.320000,-1.302833,1
27.360000,-1.334960,1
27.400000,-1.334690,1
27.440000,-1.345793,1
27.480000,-1.473325,1
27.520000,-1.555363,1
27.560000,-1.653427,1
27.600000,-1.705018,1
27.640000,-1.722256,1
27.680000,-1.683491,1
27.720000,-1.640187,1
27.760000,-1.613350,1
27.800000,-1.546806,1
27.840000,-1.547828,1
27.880000,-1.577785,1
27.920000,-1.594949,1
27.960000,-1.583400,1
28.000000,-1.546187,1
28.040000,-1.511416,1
28.080000,-1.514675,1
28.120000,-1.531348,1
28.160000,-1.555238,1
28.200000,-1.533995,1
28.240000,-1.480778,1
28.280000,-1.269297,1
28.320000,-1.170373,1
28.360000,-1.225021,1
28.400000,-1.163469,1
28.440000,-1.215703,1
28.480000,-1.359475,1
28.520000,-1.452120,1
28.560000,-1.420861,1
28.600000,-1.392976,1
28.640000,-1.358521,1
28.680000,-1.520429,1
28.720000,-1.660648,1
28.760000,-1.769367,1
28.800000,-1.829282,1
28.840000,-1.854429,1
28.880000,-1.849564,1
28.920000,-1.849357,1
28.960000,-1.828847,1
29.000000,-1.739583,1
29.040000,-1.714502,1
29.080000,-1.747813,1
29.120000,-1.798764,1
29.160000,-1.808640,1
29.200000,-1.790474,1
29.240000,-1.752757,1
29.280000,-1.741504,1
29.320000,-1.748423,1
29.360000,-1.700577,1
29.400000,-1.570792,1
29.440000,-1.463415,1
29.480000,-1.511563,1
29.520000,-1.599803,1
29.560000,-1.648877,1
29.600000,-1.520055,1
29.640000,-1.456850,1
29.680000,-1.474465,1
29.720000,-1.540766,1
29.760000,-1.524986,1
29.800000,-1.640987,1
29.840000,-1.821076,1
29.880000,-1.938112,1
29.920000,-2.044632,1
29.960000,-2.099356,1
30.000000,-2.110144,1
30.040000,-2.127266,1
30.080000,-2.116232,1
30.120000,-2.065946,1
30.160000,-2.029641,1
30.200000,-2.050758,1
30.240000,-2.126472,1
30.280000,-2.135215,1
30.320000,-2.143318,1
30.360000,-2.125806,1
30.400000,-1.987795,1
30.440000,-1.854684,1
30.480000,-1.828410,1
30.520000,-1.778089,1
30.560000,-1.658643,1
30.600000,-1.681038,1
30.640000,-1.742807,1
30.680000,-1.786786,1
30.720000,-1.717691,1
30.760000,-1.648556,1
30.800000,-1.686234,1
30.840000,-1.659887,1
30.880000,-1.775650,1
30.920000,-1.932930,1
30.960000,-2.033143,1
31.000000,-2.155427,1
31.040000,-2.209068,1
31.080000,-2.208353,1
31.120000,-2.169679,1
31.160000,-2.137563,1
31.200000,-2.085073,1
31.240000,-2.030683,1
31.280000,-1.993136,1
31.320000,-1.994352,1
31.360000,-1.984084,1
31.400000,-1.962699,1
31.440000,-1.938754,1
31.480000,-1.952049,1
31.520000,-1.957964,1
31.560000,-1.909975,1
31.600000,-1.820855,1
31.640000,-1.683869,1
31.680000,-1.536064,1
31.720000,-1.545547,1
31.760000,-1.615399,1
31.800000,-1.591002,1
31.840000,-1.548450,1
31.880000,-1.578547,1
31.920000,-1.589736,1
31.960000,-1.535059,1
32.000000,-1.640508,1
32.040000,-1.794704,1
32.080000,-1.908273,1
32.120000,-1.989990,1
32.160000,-2.036536,1
32.200000,-2.086346,1
32.240000,-2.093709,1
32.280000,-2.085017,1
32.320000,-1.992403,1
32.360000,-1.937632,1
32.400000,-1.930987,1
32.440000,-1.940436,1
32.480000,-1.983998,1
32.520000,-1.969558,1
32.560000,-1.958753,1
32.600000,-1.939445,1
32.640000,-1.894459,1
32.680000,-1.796460,1
32.720000,-1.685501,1
32.760000,-1.640235,1
32.800000,-1.620063,1
32.840000,-1.622024,1
32.880000,-1.703605,1
32.920000,-1.754410,1
32.960000,-1.725016,1
33.000000,-1.570980,1
33.040000,-1.550724,1
33.080000,-1.543947,1
33.120000,-1.622471,1
33.160000,-1.813604,1
33.200000,-1.961301,1
33.240000,-2.038770,1
33.280000,-2.125023,1
33.320000,-2.150206,1
33.360000,-2.145779,1
33.400000,-2.140854,1
33.440000,-2.109434,1
33.480000,-2.052912,1
33.520000,-1.997981,1
33.560000,-1.992889,1
33.600000,-2.032410,1
33.640000,-2.050032,1
33.680000,-2.025020,1
33.720000,-2.002509,1
33.760000,-1.983849,1
33.800000,-1.935438,1
33.840000,-1.873305,1
33.880000,-1.791184,1
33.920000,-1.620024,1
33.960000,-1.552541,1
34.000000,-1.586475,1
34.040000,-1.647068,1
34.080000,-1.571448,1
34.120000,-1.481813,1
34.160000,-1.556599,1
34.200000,-1.566459,1
34.240000,-1.563687,1
34.280000,-1.676904,1
34.320000,-1.831020,1
34.360000,-1.913283,1
34.400000,-2.034291,1
34.440000,-2.103671,1
34.480000,-2.102361,1
34.520000,-2.076700,1
34.560000,-2.038585,1
34.600000,-2.003644,1
34.640000,-1.955024,1
34.680000,-1.915644,1
34.720000,-1.998050,1
34.760000,-1.987793,1
34.800000,-2.001743,1
34.840000,-2.012964,1
34.880000,-1.974765,1
34.920000,-1.850271,1
34.960000,-1.756374,1
35.000000,-1.613199,1
35.040000,-1.470699,1
35.080000,-1.526156,1
35.120000,-1.576815,1
35.160000,-1.580218,1
35.200000,-1.520990,1
35.240000,-1.606024,1
35.280000,-1.583965,1
35.320000,-1.478506,1
35.360000,-1.613438,1
35.400000,-1.779212,1
35.440000,-1.917889,1
35.480000,-1.956197,1
35.520000,-1.997735,1
35.560000,-1.976274,1
35.600000,-1.959817,1
35.640000,-1.942283,1
35.680000,-1.909015,1
35.720000,-1.848658,1
35.760000,-1.859685,1
35.800000,-1.853573,1
35.840000,-1.848400,1
35.880000,-1.818041,1
35.920000,-1.792016,1
35.960000,-1.766139,1
36.000000,-1.738779,1
36.040000,-1.699130,1
36.080000,-1.614369,1
36.120000,-1.520826,1
36.160000,-1.412735,1
36.200000,-1.506119,1
36.240000,-1.567265,1
36.280000,-1.460979,1
36.320000,-1.447135,1
36.360000,-1.527009,1
36.400000,-1.527683,1
36.440000,-1.466200,1
36.480000,-1.677289,1
36.520000,-1.815216,1
36.560000,-1.891903,1
36.600000,-1.976805,1
36.640000,-2.028783,1
36.680000,-2.054987,1
36.720000,-2.047282,1
36.760000,-2.029702,1
36.800000,-1.977302,1
36.840000,-1.927486,1
36.880000,-1.905581,1
36.920000,-1.959483,1
36.960000,-1.979266,1
37.000000,-1.969101,1
37.040000,-1.949875,1
37.080000,-1.874543,1
37.120000,-1.820065,1
37.160000,-1.702800,1
37.200000,-1.556644,1
37.240000,-1.540391,1
37.280000,-1.540497,1
37.320000,-1.637374,1
37.360000,-1.644347,1
37.400000,-1.539877,1
37.440000,-1.483049,1
37.480000,-1.487831,1
37.520000,-1.502706,1
37.560000,-1.505657,1
37.600000,-1.606399,1
37.640000,-1.774720,1
37.680000,-1.921345,1
37.720000,-1.988657,1
37.760000,-2.036102,1
37.800000,-2.022610,1
37.840000,-2.003518,1
37.880000,-1.964616,1
37.920000,-1.882592,1
37.960000,-1.831269,1
38.000000,-1.836274,1
38.040000,-1.891852,1
38.080000,-1.895942,1
38.120000,-1.902996,1
38.160000,-1.830035,1
38.200000,-1.772626,1
38.240000,-1.725351,1
38.280000,-1.677418,1
38.320000,-1.566312,1
38.360000,-1.448811,1
38.400000,-1.504579,1
38.440000,-1.635914,1
38.480000,-1.634922,1
38.520000,-1.488576,1
38.560000,-1.448576,1
38.600000,-1.538854,1
38.640000,-1.502482,1
38.680000,-1.567111,1
38.720000,-1.757485,1
38.760000,-1.841595,1
38.800000,-1.894373,1
38.840000,-1.968940,1
38.880000,-2.040205,1
38.920000,-2.042707,1
38.960000,-2.021501,1
39.000000,-1.963112,1
39.040000,-1.934031,1
39.080000,-1.928023,1
39.120000,-1.897668,1
39.160000,-1.959627,1
39.200000,-1.977450,1
39.240000,-1.985114,1
39.280000,-1.981417,1
39.320000,-1.965952,1
39.360000,-1.831297,1
39.400000,-1.762025,1
39.440000,-1.683564,1
39.480000,-1.548589,1
39.520000,-1.595067,1
39.560000,-1.695691,1
39.600000,-1.762856,1
39.640000,-1.534647,1
39.680000,-1.472748,1
39.720000,-1.474920,1
39.760000,-1.453639,1
39.800000,-1.524450,1
39.840000,-1.706263,1
39.880000,-1.866767,1
39.920000,-1.934047,1
39.960000,-2.013816,1
40.000000,-2.089904,1
40.040000,-2.088318,1
40.080000,-2.078168,1
40.120000,-2.058037,1
40.160000,-1.967689,1
40.200000,-1.924990,1
40.240000,-1.936162,1
40.280000,-1.934777,1
40.320000,-1.932222,1
40.360000,-1.916993,1
40.400000,-1.857796,1
40.440000,-1.798403,1
40.480000,-1.767291,1
40.520000,-1.648709,1
40.560000,-1.535753,1
40.600000,-1.561864,1
40.640000,-1.582479,1
40.680000,-1.706108,1
40.720000,-1.746483,1
40.760000,-1.613376,1
40.800000,-1.517786,1
40.840000,-1.661978,1
40.880000,-1.593472,1
40.920000,-1.749545,1
40.960000,-1.945190,1
41.000000,-1.991809,1
41.040000,-2.072812,1
41.080000,-2.174311,1
41.120000,-2.181342,1
41.160000,-2.182114,1
41.200000,-2.148529,1
41.240000,-2.121606,1
41.280000,-2.089287,1
41.320000,-2.066647,1
41.360000,-2.079426,1
41.400000,-2.138507,1
41.440000,-2.137294,1
41.480000,-2.112193,1
41.520000,-2.061418,1
41.560000,-1.957824,1
41.600000,-1.896626,1
41.640000,-1.802292,1
41.680000,-1.685378,1
41.720000,-1.706826,1
41.760000,-1.782550,1
41.800000,-1.861622,1
41.840000,-1.721468,1
41.880000,-1.617512,1
41.920000,-1.636212,1
41.960000,-1.645638,1
42.000000,-1.646558,1
42.040000,-1.848618,1
42.080000,-1.970659,1
42.120000,-2.064249,1
42.160000,-2.161655,1
42.200000,-2.215546,1
42.240000,-2.184168,1
42.280000,-2.174205,1
42.320000,-2.109315,1
42.360000,-2.020554,1
42.400000,-1.979277,1
42.440000,-1.951470,1
42.480000,-1.950308,1
42.520000,-1.945199,1
42.560000,-1.955482,1
42.600000,-1.992462,1
42.640000,-1.978400,1
42.680000,-1.906803,1
42.720000,-1.770581,1
42.760000,-1.589754,1
42.800000,-1.555965,1
42.840000,-1.591477,1
42.880000,-1.702151,1
42.920000,-1.728687,1
42.960000,-1.612029,1
43.000000,-1.578232,1
43.040000,-1.659417,1
43.080000,-1.631168,1
43.120000,-1.788464,1
43.160000,-1.953450,1
43.200000,-2.078327,1
43.240000,-2.165175,1
43.280000,-2.193970,1
43.320000,-2.187627,1
43.360000,-2.196374,1
43.400000,-2.171307,1
43.440000,-2.123604,1
43.480000,-2.060250,1
43.520000,-2.073737,1
43.560000,-2.080769,1
43.600000,-2.104363,1
43.640000,-2.109429,1
43.680000,-2.094122,1
43.720000,-2.043386,1
43.760000,-1.963861,1
43.800000,-1.932340,1
43.840000,-1.858787,1
43.880000,-1.740014,1
43.920000,-1.774867,1
43.960000,-1.853404,1
44.000000,-1.888631,1
44.040000,-1.781794,1
44.080000,-1.690695,1
44.120000,-1.658996,1
44.160000,-1.663994,1
44.200000,-1.656243,1
44.240000,-1.837928,1
44.280000,-1.982441,1
44.320000,-2.041648,1
44.360000,-2.144218,1
44.400000,-2.226307,1
44.440000,-2.245949,1
44.480000,-2.225487,1
44.520000,-2.191465,1
44.560000,-2.184208,1
44.600000,-2.127541,1
44.640000,-2.095888,1
44.680000,-2.145950,1
44.720000,-2.184808,1
44.760000,-2.180206,1
44.800000,-2.164080,1
44.840000,-2.131860,1
44.880000,-2.074626,1
44.920000,-1.951039,1
44.960000,-1.744178,1
45.000000,-1.698312,1
45.040000,-1.687856,1
45.080000,-1.682128,1
45.120000,-1.639821,1
45.160000,-1.574522,1
45.200000,-1.623782,1
45.240000,-1.668232,1
45.280000,-1.657806,1
45.320000,-1.681124,1
45.360000,-1.866677,1
45.400000,-1.994918,1
45.440000,-2.102919,1
45.480000,-2.158637,1
45.520000,-2.140180,1
45.560000,-2.121295,1
45.600000,-2.106278,1
45.640000,-2.048230,1
45.680000,-1.979825,1
45.720000,-1.979326,1
45.760000,-1.986241,1
45.800000,-2.007270,1
45.840000,-2.009581,1
45.880000,-1.945933,1
45.920000,-1.887256,1
45.960000,-1.842051,1
46.000000,-1.777555,1
46.040000,-1.622514,1
46.080000,-1.482285,1
46.120000,-1.571876,1
46.160000,-1.726808,1
46.200000,-1.792628,1
46.240000,-1.695590,1
46.280000,-1.525188,1
46.320000,-1.581055,1
46.360000,-1.585195,1
46.400000,-1.701581,1
46.440000,-1.842817,1
46.480000,-1.965986,1
46.520000,-2.061560,1
46.560000,-2.106327,1
46.600000,-2.154331,1
46.640000,-2.163418,1
46.680000,-2.140306,1
46.720000,-2.087086,1
46.760000,-2.036929,1
46.800000,-1.996943,1
46.840000,-1.969657,1
46.880000,-2.002678,1
46.920000,-2.019528,1
46.960000,-2.005627,1
47.000000,-2.007181,1
47.040000,-1.985089,1
47.080000,-1.880509,1
47.120000,-1.751926,1
47.160000,-1.652325,1
47.200000,-1.621861,1
47.240000,-1.653170,1
47.280000,-1.798290,1
47.320000,-1.814698,1
47.360000,-1.696485,1
47.400000,-1.625621,1
47.440000,-1.655254,1
47.480000,-1.584589,1
47.520000,-1.638799,1
47.560000,-1.775799,1
47.600000,-1.902502,1
47.640000,-1.986539,1
47.680000,-2.022977,1
47.720000,-2.081625,1
47.760000,-2.090071,1
47.800000,-2.078321,1
47.840000,-2.030458,1
47.880000,-1.978293,1
47.920000,-1.959424,1
47.960000,-1.934357,1
48.000000,-1.901160,1
48.040000,-1.905068,1
48.080000,-1.941445,1
48.120000,-1.908399,1
48.160000,-1.899091,1
48.200000,-1.870435,1
48.240000,-1.800160,1
48.280000,-1.680006,1
48.320000,-1.555493,1
48.360000,-1.540349,1
48.400000,-1.653166,1
48.440000,-1.713177,1
48.480000,-1.585468,1
48.520000,-1.481840,1
48.560000,-1.606508,1
48.600000,-1.602983,1
48.640000,-1.569376,1
48.680000,-1.733085,1
48.720000,-1.864993,1
48.760000,-1.963828,1
48.800000,-2.058587,1
48.840000,-2.124233,1
48.880000,-2.130753,1
48.920000,-2.124408,1
48.960000,-2.084862,1
49.000000,-2.043805,1
49.040000,-1.959560,1
49.080000,-1.957887,1
49.120000,-1.933233,1
49.160000,-1.974046,1
49.200000,-1.953352,1
49.240000,-1.947418,1
49.280000,-1.898134,1
49.320000,-1.776402,1
49.360000,-1.647599,1
49.400000,-1.627377,1
49.440000,-1.528519,1
49.480000,-1.539836,1
49.520000,-1.634086,1
49.560000,-1.751603,1
49.600000,-1.754029,1
49.640000,-1.581268,1
49.680000,-1.520304,1
49.720000,-1.520589,1
49.760000,-1.479605,1
49.800000,-1.619571,1
49.840000,-1.803239,1
49.880000,-1.908526,1
49.920000,-1.944258,1
49.960000,-2.015024,1
50.000000,-2.051961,1
50.040000,-2.052124,1
50.080000,-2.017779,1
50.120000,-1.963531,1
50.160000,-1.908922,1
50.200000,-1.899227,1
50.240000,-1.878199,1
50.280000,-1.912149,1
50.320000,-1.917579,1
50.360000,-1.902352,1
50.400000,-1.924894,1
50.440000,-1.867319,1
50.480000,-1.778915,1
50.520000,-1.708847,1
50.560000,-1.595082,1
50.600000,-1.513403,1
50.640000,-1.601774,1
50.680000,-1.735708,1
50.720000,-1.629359,1
50.760000,-1.578299,1
50.800000,-1.635326,1
50.840000,-1.673379,1
50.880000,-1.590277,1
50.920000,-1.810564,1
50.960000,-1.964608,1
51.000000,-2.038997,1
51.040000,-2.071353,1
51.080000,-2.132057,1
51.120000,-2.119090,1
51.160000,-2.111964,1
51.200000,-2.049548,1
51.240000,-1.993655,1
51.280000,-1.920719,1
51.320000,-1.926102,1
51.360000,-1.907529,1
51.400000,-1.923920,1
51.440000,-1.910987,1
51.480000,-1.924028,1
51.520000,-1.952498,1
51.560000,-1.902911,1
51.600000,-1.804223,1
51.640000,-1.769080,1
51.680000,-1.614489,1
51.720000,-1.572019,1
51.760000,-1.663413,1
51.800000,-1.648298,1
51.840000,-1.529528,1
51.880000,-1.563920,1
51.920000,-1.664970,1
51.960000,-1.657259,1
52.000000,-1.676052,1
52.040000,-1.766632,1
52.080000,-1.989778,1
52.120000,-2.094721,1
52.160000,-2.156892,1
52.200000,-2.189965,1
52.240000,-2.167209,1
52.280000,-2.140774,1
52.320000,-2.082686,1
52.360000,-2.010084,1
52.400000,-1.973267,1
52.440000,-1.939843,1
52.480000,-1.929498,1
52.520000,-1.931149,1
52.560000,-1.923619,1
52.600000,-1.929185,1
52.640000,-1.913264,1
52.680000,-1.884006,1
52.720000,-1.794648,1
52.760000,-1.697010,1
52.800000,-1.614520,1
52.840000,-1.623058,1
52.880000,-1.784308,1
52.920000,-1.834868,1
52.960000,-1.691291,1
53.000000,-1.670820,1
53.040000,-1.701148,1
53.080000,-1.718474,1
53.120000,-1.734001,1
53.160000,-1.741640,1
53.200000,-1.928194,1
53.240000,-1.953183,1
53.280000,-2.046214,1
53.320000,-2.099368,1
53.360000,-2.098969,1
53.400000,-2.077918,1
53.440000,-2.060086,1
53.480000,-2.045120,1
53.520000,-2.007390,1
53.560000,-1.987369,1
53.600000,-1.973748,1
53.640000,-1.947956,1
53.680000,-1.954389,1
53.720000,-1.951343,1
53.760000,-1.955830,1
53.800000,-1.945306,1
53.840000,-1.920645,1
53.880000,-1.867075,1
53.920000,-1.682901,1
53.960000,-1.622728,1
54.000000,-1.670861,1
54.040000,-1.816988,1
54.080000,-1.754879,1
54.120000,-1.667154,1
54.160000,-1.677801,1
54.200000,-1.706318,1
54.240000,-1.678318,1
54.280000,-1.722536,1
54.320000,-1.924727,1
54.360000,-2.020180,1
54.400000,-2.125481,1
54.440000,-2.202232,1
54.480000,-2.199224,1
54.520000,-2.183312,1
54.560000,-2.156275,1
54.600000,-2.128936,1
54.640000,-2.055886,1
54.680000,-2.030306,1
54.720000,-2.086989,1
54.760000,-2.091691,1
54.800000,-2.111407,1
54.840000,-2.078986,1
54.880000,-2.020313,1
54.920000,-1.907472,1
54.960000,-1.875635,1
55.000000,-1.761620,1
55.040000,-1.666619,1
55.080000,-1.678164,1
55.120000,-1.761620,1
55.160000,-1.816539,1
55.200000,-1.748823,1
55.240000,-1.739814,1
55.280000,-1.773366,1
55.320000,-1.735634,1
55.360000,-1.942315,1
55.400000,-2.036510,1
55.440000,-2.107819,1
55.480000,-2.163728,1
55.520000,-2.162993,1
55.560000,-2.142035,1
55.600000,-2.115617,1
55.640000,-2.059029,1
55.680000,-1.999927,1
55.720000,-1.957207,1
55.760000,-1.960916,1
55.800000,-1.928754,1
55.840000,-1.911757,1
55.880000,-1.911455,1
55.920000,-1.930589,1
55.960000,-2.039307,1
56.000000,-2.081508,1
56.040000,-2.027378,1
56.080000,-1.923174,1
56.120000,-1.657370,1
56.160000,-1.549406,1
56.200000,-1.738546,1
56.240000,-1.698775,1
56.280000,-1.669526,1
56.320000,-1.724323,1
56.360000,-1.866688,1
56.400000,-1.775899,1
56.440000,-1.825675,1
56.480000,-2.064267,1
56.520000,-2.134014,1
56.560000,-2.188635,1
56.600000,-2.230538,1
56.640000,-2.254516,1
56.680000,-2.256341,1
56.720000,-2.216808,1
56.760000,-2.153161,1
56.800000,-2.115432,1
56.840000,-2.112547,1
56.880000,-2.099404,1
56.920000,-2.121746,1
56.960000,-2.073060,1
57.000000,-2.048768,1
57.040000,-2.029705,1
57.080000,-2.051577,1
57.120000,-2.036347,1
57.160000,-1.944425,1
57.200000,-1.825698,1
57.240000,-1.724471,1
57.280000,-1.861830,1
57.320000,-1.900617,1
57.360000,-1.810038,1
57.400000,-1.722777,1
57.440000,-1.792604,1
57.480000,-1.781240,1
57.520000,-1.899107,1
57.560000,-2.035670,1
57.600000,-2.155621,1
57.640000,-2.234536,1
57.680000,-2.278213,1
57.720000,-2.265880,1
57.760000,-2.247762,1
57.800000,-2.197944,1
57.840000,-2.132085,1
57.880000,-2.088157,1
57.920000,-2.090356,1
57.960000,-2.060622,1
58.000000,-2.098533,1
58.040000,-2.108054,1
58.080000,-2.114404,1
58.120000,-2.095833,1
58.160000,-1.945202,1
58.200000,-1.885674,1
58.240000,-1.808181,1
58.280000,-1.756007,1
58.320000,-1.721838,1
58.360000,-1.774466,1
58.400000,-1.930501,1
58.440000,-1.847123,1
58.480000,-1.732880,1
58.520000,-1.684753,1
58.560000,-1.682785,1
58.600000,-1.685588,1
58.640000,-1.828140,1
58.680000,-1.980138,1
58.720000,-2.057861,1
58.760000,-2.170968,1
58.800000,-2.218753,1
58.840000,-2.184259,1
58.880000,-2.154273,1
58.920000,-2.100852,1
58.960000,-2.055695,1
59.000000,-2.012832,1
59.040000,-1.998682,1
59.080000,-2.017632,1
59.120000,-2.017313,1
59.160000,-1.990669,1
59.200000,-1.965571,1
59.240000,-1.967409,1
59.280000,-1.936629,1
59.320000,-1.885378,1
59.360000,-1.764031,1
59.400000,-1.599087,1
59.440000,-1.643691,1
59.480000,-1.793524,1
59.520000,-1.721486,1
59.560000,-1.696944,1
59.600000,-1.728216,1
59.640000,-1.732156,1
59.680000,-1.709613,1
59.720000,-1.933396,1
59.760000,-2.048834,1
59.800000,-2.116635,1
59.840000,-2.158872,1
59.880000,-2.214419,1
59.920000,-2.213244,1
59.960000,-2.191363,1
60.000000,-2.103648,1
60.040000,-2.089723,1
60.080000,-2.057207,1
60.120000,-2.148241,1
60.160000,-2.168040,1
60.200000,-2.172528,1
60.240000,-2.170204,1
60.280000,-2.124063,1
60.320000,-2.039280,1
60.360000,-1.927519,1
60.400000,-1.770906,1
60.440000,-1.732098,1
60.480000,-1.770026,1
60.520000,-1.895925,1
60.560000,-1.906993,1
60.600000,-1.827172,1
60.640000,-1.804569,1
60.680000,-1.787682,1
60.720000,-1.711890,1
60.760000,-1.830898,1
60.800000,-1.955722,1
60.840000,-2.105879,1
60.880000,-2.152107,1
60.920000,-2.196432,1
60.960000,-2.143323,1
61.000000,-2.155964,1
61.040000,-2.122564,1
61.080000,-2.086463,1
61.120000,-2.058412,1
61.160000,-2.030875,1
61.200000,-2.070981,1
61.240000,-2.052422,1
61.280000,-2.037388,1
61.320000,-1.993056,1
61.360000,-1.975679,1
61.400000,-1.928253,1
61.440000,-1.841131,1
61.480000,-1.739527,1
61.520000,-1.640746,1
61.560000,-1.720819,1
61.600000,-1.829964,1
61.640000,-1.822147,1
61.680000,-1.743634,1
61.720000,-1.752591,1
61.760000,-1.761457,1
61.800000,-1.776390,1
61.840000,-1.926948,1
61.880000,-2.024318,1
61.920000,-2.156760,1
61.960000,-2.207713,1
62.000000,-2.248002,1
62.040000,-2.211467,1
62.080000,-2.208292,1
62.120000,-2.176219,1
62.160000,-2.081830,1
62.200000,-2.050498,1
62.240000,-2.040270,1
62.280000,-2.046150,1
62.320000,-2.051844,1
62.360000,-2.061938,1
62.400000,-2.097043,1
62.440000,-2.112356,1
62.480000,-2.115708,1
62.520000,-1.993451,1
62.560000,-1.916064,1
62.600000,-1.727755,1
62.640000,-1.599410,1
62.680000,-1.734536,1
62.720000,-1.794912,1
62.760000,-1.732348,1
62.800000,-1.734576,1
62.840000,-1.762233,1
62.880000,-1.732653,1
62.920000,-1.913279,1
62.960000,-2.016642,1
63.000000,-2.124065,1
63.040000,-2.154099,1
63.080000,-2.200205,1
63.120000,-2.213702,1
63.160000,-2.196978,1
63.200000,-2.136503,1
63.240000,-2.038530,1
63.280000,-2.013938,1
63.320000,-2.008949,1
63.360000,-2.115607,1
63.400000,-2.142247,1
63.440000,-2.151373,1
63.480000,-2.154327,1
63.520000,-2.012925,1
63.560000,-1.917316,1
63.600000,-1.941479,1
63.640000,-1.742587,1
63.680000,-1.687909,1
63.720000,-1.724883,1
63.760000,-1.889664,1
63.800000,-1.858668,1
63.840000,-1.802328,1
63.880000,-1.797297,1
63.920000,-1.778160,1
63.960000,-1.726119,1
64.000000,-1.838036,1
64.040000,-1.982151,1
64.080000,-2.108812,1
64.120000,-2.185391,1
64.160000,-2.225671,1
64.200000,-2.246370,1
64.240000,-2.231323,1
64.280000,-2.195766,1
64.320000,-2.148364,1
64.360000,-2.087080,1
64.400000,-2.068273,1
64.440000,-2.178028,1
64.480000,-2.214187,1
64.520000,-2.224727,1
64.560000,-2.211945,1
64.600000,-2.120530,1
64.640000,-1.959844,1
64.680000,-1.886188,1
64.720000,-1.795617,1
64.760000,-1.770291,1
64.800000,-1.789460,1
64.840000,-1.901783,1
64.880000,-1.883540,1
64.920000,-1.805649,1
64.960000,-1.787359,1
65.000000,-1.786020,1
65.040000,-1.739234,1
65.080000,-1.819617,1
65.120000,-1.964603,1
65.160000,-2.078040,1
65.200000,-2.146858,1
65.240000,-2.181389,1
65.280000,-2.202835,1
65.320000,-2.189111,1
65.360000,-2.142176,1
65.400000,-2.097060,1
65.440000,-2.011183,1
65.480000,-1.978485,1
65.520000,-1.963795,1
65.560000,-2.044684,1
65.600000,-2.071202,1
65.640000,-2.093265,1
65.680000,-2.114305,1
65.720000,-2.051654,1
65.760000,-1.924573,1
65.800000,-1.773253,1
65.840000,-1.647992,1
65.880000,-1.648885,1
65.920000,-1.700894,1
65.960000,-1.832941,1
66.000000,-1.788612,1
66.040000,-1.752873,1
66.080000,-1.760792,1
66.120000,-1.716869,1
66.160000,-1.599324,1
66.200000,-1.734576,1
66.240000,-1.849882,1
66.280000,-1.984046,1
66.320000,-2.070764,1
66.360000,-2.116855,1
66.400000,-2.144517,1
66.440000,-2.141824,1
66.480000,-2.116040,1
66.520000,-2.010450,1
66.560000,-1.960764,1
66.600000,-1.954610,1
66.640000,-2.042261,1
66.680000,-2.094031,1
66.720000,-2.124646,1
66.760000,-2.146911,1
66.800000,-2.079602,1
66.840000,-1.996197,1
66.880000,-1.873530,1
66.920000,-1.756207,1
66.960000,-1.726653,1
67.000000,-1.698662,1
67.040000,-1.835999,1
67.080000,-1.912348,1
67.120000,-1.871759,1
67.160000,-1.781792,1
67.200000,-1.764907,1
67.240000,-1.761379,1
67.280000,-1.760960,1
67.320000,-1.935497,1
67.360000,-2.029370,1
67.400000,-2.126889,1
67.440000,-2.166902,1
67.480000,-2.205913,1
67.520000,-2.205262,1
67.560000,-2.177444,1
67.600000,-2.115951,1
67.640000,-2.017770,1
67.680000,-2.029478,1
67.720000,-2.037704,1
67.760000,-2.126832,1
67.800000,-2.129420,1
67.840000,-2.099285,1
67.880000,-2.029526,1
67.920000,-1.990708,1
67.960000,-1.969301,1
68.000000,-1.912106,1
68.040000,-1.873797,1
68.080000,-1.776027,1
68.120000,-1.808611,1
68.160000,-1.923623,1
68.200000,-2.033756,1
68.240000,-1.967130,1
68.280000,-1.923530,1
68.320000,-1.917499,1
68.360000,-1.895337,1
68.400000,-2.003859,1
68.440000,-2.094065,1
68.480000,-2.244896,1
68.520000,-2.251553,1
68.560000,-2.208332,1
68.600000,-2.209040,1
68.640000,-2.193624,1
68.680000,-2.139485,1
68.720000,-2.027748,1
68.760000,-1.999166,1
68.800000,-2.011014,1
68.840000,-2.092200,1
68.880000,-2.103143,1
68.920000,-2.096783,1
68.960000,-2.042953,1
69.000000,-2.020909,1
69.040000,-1.981597,1
69.080000,-1.945237,1
69.120000,-1.781471,1
69.160000,-1.710373,1
69.200000,-1.747407,1
69.240000,-1.881338,1
69.280000,-1.925899,1
69.320000,-1.878945,1
69.360000,-1.847805,1
69.400000,-1.887666,1
69.440000,-1.758773,1
69.480000,-1.844492,1
69.520000,-1.973729,1
69.560000,-2.104674,1
69.600000,-2.154559,1
69.640000,-2.171067,1
69.680000,-2.173848,1
69.720000,-2.164299,1
69.760000,-2.089102,1
69.800000,-1.990025,1
69.840000,-1.945128,1
69.880000,-1.951817,1
69.920000,-2.035089,1
69.960000,-2.084050,1
70.000000,-2.092278,1
70.040000,-2.065960,1
70.080000,-2.012893,1
70.120000,-1.955724,1
70.160000,-1.907387,1
70.200000,-1.783507,1
70.240000,-1.740270,1
70.280000,-1.720345,1
70.320000,-1.796447,1
70.360000,-1.887145,1
70.400000,-1.867284,1
70.440000,-1.848484,1
70.480000,-1.875050,1
70.520000,-1.824695,1
70.560000,-1.816806,1
70.600000,-1.929133,1
70.640000,-2.069571,1
70.680000,-2.149396,1
70.720000,-2.158097,1
70.760000,-2.134001,1
70.800000,-2.142526,1
70.840000,-2.112604,1
70.880000,-2.047161,1
70.920000,-2.001735,1
70.960000,-2.016563,1
71.000000,-2.018519,1
71.040000,-2.072116,1
71.080000,-2.070462,1
71.120000,-2.021027,1
71.160000,-1.990727,1
71.200000,-2.001343,1
71.240000,-1.969936,1
71.280000,-1.887905,1
71.320000,-1.750283,1
71.360000,-1.725027,1
71.400000,-1.775916,1
71.440000,-1.915079,1
71.480000,-1.887632,1
71.520000,-1.817351,1
71.560000,-1.844979,1
71.600000,-1.844007,1
71.640000,-1.745541,1
71.680000,-1.907161,1
71.720000,-2.010844,1
71.760000,-2.110947,1
71.800000,-2.204386,1
71.840000,-2.228634,1
71.880000,-2.219623,1
71.920000,-2.201320,1
71.960000,-2.163726,1
72.000000,-2.096769,1
72.040000,-2.048194,1
72.080000,-2.063745,1
72.120000,-2.101392,1
72.160000,-2.141896,1
72.200000,-2.130698,1
72.240000,-2.102396,1
72.280000,-2.078131,1
72.320000,-2.044101,1
72.360000,-2.003143,1
72.400000,-1.967243,1
72.440000,-1.758575,1
72.480000,-1.713498,1
72.520000,-1.839983,1
72.560000,-1.856678,1
72.600000,-1.804702,1
72.640000,-1.853236,1
72.680000,-1.949374,1
72.720000,-1.841478,1
72.760000,-1.952279,1
72.800000,-2.088752,1
72.840000,-2.176143,1
72.880000,-2.222912,1
72.920000,-2.248552,1
72.960000,-2.251192,1
73.000000,-2.231755,1
73.040000,-2.160565,1
73.080000,-2.080068,1
73.120000,-2.067401,1
73.160000,-2.069395,1
73.200000,-2.127392,1
73.240000,-2.158135,1
73.280000,-2.147537,1
73.320000,-2.110853,1
73.360000,-2.036867,1
73.400000,-2.026191,1
73.440000,-2.045496,1
73.480000,-1.906568,1
73.520000,-1.775447,1
73.560000,-1.743056,1
73.600000,-1.863036,1
73.640000,-1.900520,1
73.680000,-1.789518,1
73.720000,-1.811999,1
73.760000,-1.784160,1
73.800000,-1.739120,1
73.840000,-1.855262,1
73.880000,-1.938844,1
73.920000,-2.027939,1
73.960000,-2.138282,1
74.000000,-2.165420,1
74.040000,-2.161667,1
74.080000,-2.114801,1
74.120000,-2.062187,1
74.160000,-2.003918,1
74.200000,-1.941394,1
74.240000,-1.936447,1
74.280000,-1.977746,1
74.320000,-2.042344,1
74.360000,-2.029015,1
74.400000,-2.003225,1
74.440000,-1.964840,1
74.480000,-1.906495,1
74.520000,-1.872854,1
74.560000,-1.698853,1
74.600000,-1.646499,1
74.640000,-1.641810,1
74.680000,-1.818078,1
74.720000,-1.815043,1
74.760000,-1.776224,1
74.800000,-1.762216,1
74.840000,-1.855123,1
74.880000,-1.797855,1
74.920000,-1.741472,1
74.960000,-1.961854,1
75.000000,-2.033798,1
75.040000,-2.132171,1
75.080000,-2.184042,1
75.120000,-2.173636,1
75.160000,-2.162874,1
75.200000,-2.114635,1
75.240000,-2.046892,1
75.280000,-1.974029,1
75.320000,-1.973321,1
75.360000,-1.981202,1
75.400000,-2.029907,1
75.440000,-2.045464,1
75.480000,-2.035973,1
75.520000,-1.969906,1
75.560000,-1.904544,1
75.600000,-1.896833,1
75.640000,-1.877458,1
75.680000,-1.853791,1
75.720000,-1.694806,1
75.760000,-1.740878,1
75.800000,-1.809161,1
75.840000,-1.768551,1
75.880000,-1.692144,1
75.920000,-1.731165,1
75.960000,-1.785453,1
76.000000,-1.763496,1
76.040000,-1.872792,1
76.080000,-2.014700,1
76.120000,-2.149739,1
76.160000,-2.203374,1
76.200000,-2.231216,1
76.240000,-2.205013,1
76.280000,-2.191232,1
76.320000,-2.139916,1
76.360000,-2.052426,1
76.400000,-2.022968,1
76.440000,-2.030418,1
76.480000,-2.054419,1
76.520000,-2.052841,1
76.560000,-2.047695,1
76.600000,-1.995424,1
76.640000,-1.955706,1
76.680000,-1.928613,1
76.720000,-1.829607,1
76.760000,-1.804827,1
76.800000,-1.741271,1
76.840000,-1.684481,1
76.880000,-1.764385,1
76.920000,-1.846232,1
76.960000,-1.807071,1
77.000000,-1.796923,1
77.040000,-1.809081,1
77.080000,-1.787948,1
77.120000,-1.706406,1
77.160000,-1.827854,1
77.200000,-1.942399,1
77.240000,-2.064005,1
77.280000,-2.111296,1
77.320000,-2.166617,1
77.360000,-2.152502,1
77.400000,-2.123144,1
77.440000,-2.047087,1
77.480000,-1.977482,1
77.520000,-1.971698,1
77.560000,-2.012269,1
77.600000,-2.092095,1
77.640000,-2.118357,1
77.680000,-2.153885,1
77.720000,-2.126512,1
77.760000,-2.048597,1
77.800000,-1.907393,1
77.840000,-1.856574,1
77.880000,-1.797393,1
77.920000,-1.611103,1
77.960000,-1.681295,1
78.000000,-1.753653,1
78.040000,-1.727410,1
78.080000,-1.743909,1
78.120000,-1.793527,1
78.160000,-1.759120,1
78.200000,-1.829560,1
78.240000,-1.915435,1
78.280000,-2.016347,1
78.320000,-2.121737,1
78.360000,-2.171725,1
78.400000,-2.160842,1
78.440000,-2.136735,1
78.480000,-2.091525,1
78.520000,-2.013692,1
78.560000,-1.953655,1
78.600000,-1.936645,1
78.640000,-1.976359,1
78.680000,-1.980484,1
78.720000,-1.992131,1
78.760000,-2.019102,1
78.800000,-2.008910,1
78.840000,-1.899092,1
78.880000,-1.793091,1
78.920000,-1.737356,1
78.960000,-1.608879,1
79.000000,-1.630278,1
79.040000,-1.722465,1
79.080000,-1.798583,1
79.120000,-1.763127,1
79.160000,-1.782017,1
79.200000,-1.835820,1
79.240000,-1.750955,1
79.280000,-1.752587,1
79.320000,-1.954747,1
79.360000,-2.103445,1
79.400000,-2.115108,1
79.440000,-2.136636,1
79.480000,-2.117865,1
79.520000,-2.109565,1
79.560000,-2.057977,1
79.600000,-1.978334,1
79.640000,-1.941717,1
79.680000,-1.979638,1
79.720000,-1.986842,1
79.760000,-1.994046,1
79.800000,-1.946140,1
79.840000,-1.926605,1
79.880000,-1.919353,1
79.920000,-1.923655,1
79.960000,-1.895128,1
80.000000,-1.822276,1
80.040000,-1.683435,1
80.080000,-1.645885,1
80.120000,-1.747771,1
80.160000,-1.787816,1
80.200000,-1.734243,1
80.240000,-1.715980,1
80.280000,-1.786973,1
80.320000,-1.835683,1
80.360000,-1.711447,1
80.400000,-1.850207,1
80.440000,-1.934842,1
80.480000,-2.044516,1
80.520000,-2.095876,1
80.560000,-2.122540,1
80.600000,-2.126590,1
80.640000,-2.088619,1
80.680000,-2.032302,1
80.720000,-1.934121,1
80.760000,-1.918624,1
80.800000,-1.918514,1
80.840000,-2.045989,1
80.880000,-2.087468,1
80.920000,-2.087306,1
80.960000,-2.076639,1
81.000000,-1.947871,1
81.040000,-1.852077,1
81.080000,-1.827607,1
81.120000,-1.638022,1
81.160000,-1.632122,1
81.200000,-1.642551,1
81.240000,-1.742335,1
81.280000,-1.715180,1
81.320000,-1.746680,1
81.360000,-1.860090,1
81.400000,-1.921577,1
81.440000,-1.849032,1
81.480000,-1.970969,1
81.520000,-2.044046,1
81.560000,-2.150252,1
81.600000,-2.131134,1
81.640000,-2.076439,1
81.680000,-2.095224,1
81.720000,-2.076754,1
81.760000,-2.000200,1
81.800000,-1.953086,1
81.840000,-1.954783,1
81.880000,-1.975619,1
81.920000,-1.995564,1
81.960000,-1.988334,1
82.000000,-1.953366,1
82.040000,-1.913094,1
82.080000,-1.912872,1
82.120000,-1.923792,1
82.160000,-1.942783,1
82.200000,-1.967720,1
82.240000,-1.940006,1
82.280000,-1.893717,1
82.320000,-1.723664,1
82.360000,-1.580247,1
82.400000,-1.585263,1
82.440000,-1.555319,1
82.480000,-1.588649,1
82.520000,-1.648311,1
82.560000,-1.743451,1
82.600000,-1.847104,1
82.640000,-1.844220,1
82.680000,-1.763628,1
82.720000,-1.657743,1
82.760000,-1.772278,1
82.800000,-1.906894,1
82.840000,-2.018488,1
82.880000,-2.074897,1
82.920000,-2.090574,1
82.960000,-2.067414,1
83.000000,-2.043691,1
83.040000,-2.011775,1
83.080000,-1.956947,1
83.120000,-1.927984,1
83.160000,-1.924757,1
83.200000,-1.936848,1
83.240000,-1.933714,1
83.280000,-1.917213,1
83.320000,-1.877116,1
83.360000,-1.880415,1
83.400000,-1.885327,1
83.440000,-1.874496,1
83.480000,-1.887303,1
83.520000,-1.906697,1
83.560000,-1.891323,1
83.600000,-1.781540,1
83.640000,-1.625593,1
83.680000,-1.641361,1
83.720000,-1.641268,1
83.760000,-1.624340,1
83.800000,-1.646433,1
83.840000,-1.673298,1
83.880000,-1.638115,1
83.920000,-1.661432,1
83.960000,-1.636703,1
84.000000,-1.590138,1
84.040000,-1.573031,1
84.080000,-1.608425,1
84.120000,-1.605952,1
84.160000,-1.613521,1
84.200000,-1.675236,1
84.240000,-1.812313,1
84.280000,-1.868127,1
84.320000,-1.917787,1
84.360000,-1.982605,1
84.400000,-1.998285,1
84.440000,-2.003841,1
84.480000,-1.972294,1
84.520000,-1.934367,1
84.560000,-1.885944,1
84.600000,-1.815191,1
84.640000,-1.825585,1
84.680000,-1.808024,1
84.720000,-1.795124,1
84.760000,-1.773195,1
84.800000,-1.722123,1
84.840000,-1.679911,1
84.880000,-1.649173,1
84.920000,-1.644819,1
84.960000,-1.581705,1
85.000000,-1.459684,1
85.040000,-1.408528,1
85.080000,-1.359103,1
85.120000,-1.396271,1
85.160000,-1.434865,1
85.200000,-1.448750,1
85.240000,-1.391966,1
85.280000,-1.350207,1
85.320000,-1.268406,1
85.360000,-1.084213,1
85.400000,-1.098526,1
85.440000,-1.119064,1
85.480000,-1.145508,1
85.520000,-1.196154,1
85.560000,-1.265795,1
85.600000,-1.355020,1
85.640000,-1.397179,1
85.680000,-1.407507,1
85.720000,-1.218455,1
85.760000,-1.138423,1
85.800000,-1.274873,3
85.840000,-1.359653,1
85.880000,-1.424948,1
85.920000,-1.441194,1
85.960000,-1.461747,1
86.000000,-1.450607,1
86.040000,-1.432669,1
86.080000,-1.375217,1
86.120000,-1.290130,1
86.160000,-1.255996,1
86.200000,-1.224225,1
86.240000,-1.197272,1
86.280000,-1.162756,1
86.320000,-1.135695,1
86.360000,-1.082543,1
86.400000,-1.024053,1
86.440000,-0.991524,1
86.480000,-0.948923,1
86.520000,-0.890216,1
86.560000,-0.841334,1
86.600000,-0.793979,1
86.640000,-0.714655,1
86.680000,-0.659433,1
86.720000,-0.614150,1
86.760000,-0.578883,1
86.800000,-0.546345,1
86.840000,-0.512407,1
86.880000,-0.482667,1
86.920000,-0.473200,1
86.960000,-0.478133,1
87.000000,-0.475729,1
87.040000,-0.473320,1
87.080000,-0.457041,1
87.120000,-0.417237,1
87.160000,-0.361593,1
87.200000,-0.301625,1
87.240000,-0.289391,1
87.280000,-0.253196,1
87.320000,-0.200957,1
87.360000,-0.176480,1
87.400000,-0.226311,1
87.440000,-0.301990,1
87.480000,-0.373699,1
87.520000,-0.454576,1
87.560000,-0.493391,1
87.600000,-0.469894,1
87.640000,-0.346146,1
87.680000,-0.474156,1
87.720000,-0.599247,1
87.760000,-0.717441,1
87.800000,-0.762715,1
87.840000,-0.776018,1
87.880000,-0.760099,1
87.920000,-0.701348,1
87.960000,-0.635084,1
88.000000,-0.587549,1
88.040000,-0.489732,1
88.080000,-0.468866,1
88.120000,-0.457737,1
88.160000,-0.435633,1
88.200000,-0.415588,1
88.240000,-0.372062,1
88.280000,-0.348676,1
88.320000,-0.321505,1
88.360000,-0.290467,1
88.400000,-0.260939,1
88.440000,-0.210256,1
88.480000,-0.071961,1
88.520000,-0.014283,1
88.560000,-0.057754,1
88.600000,-0.065782,1
88.640000,0.062371,1
88.680000,0.108654,1
88.720000,0.129821,1
88.760000,0.131582,1
88.800000,0.116177,1
88.840000,0.103463,1
88.880000,0.090955,1
88.920000,0.070406,1
88.960000,0.077967,1
89.000000,0.063940,1
89.040000,0.027867,1
89.080000,0.065453,1
89.120000,0.168340,1
89.160000,0.192772,1
89.200000,0.081317,1
89.240000,-0.080086,1
89.280000,-0.239788,1
89.320000,-0.306709,1
89.360000,-0.353202,1
89.400000,-0.346209,1
89.440000,-0.339088,1
89.480000,-0.297468,1
89.520000,-0.219630,1
89.560000,-0.160091,1
89.600000,-0.154693,1
89.640000,-0.177588,1
89.680000,-0.182285,1
89.720000,-0.179445,1
89.760000,-0.135932,1
89.800000,-0.077392,1
89.840000,-0.043560,1
89.880000,0.030582,1
89.920000,0.078385,1
89.960000,0.127626,1
90.000000,0.218290,1
90.040000,0.184352,1
90.080000,0.127909,1
90.120000,0.149185,1
90.160000,0.208921,1
90.200000,0.214620,1
90.240000,0.167678,1
90.280000,0.124233,1
90.320000,0.054987,1
90.360000,0.003549,1
90.400000,-0.020349,1
90.440000,-0.097791,1
90.480000,-0.208864,1
90.520000,-0.321719,1
90.560000,-0.383976,1
90.600000,-0.391557,1
90.640000,-0.375286,1
90.680000,-0.348641,1
90.720000,-0.286346,1
90.760000,-0.226098,1
90.800000,-0.188320,1
90.840000,-0.213120,1
90.880000,-0.255240,1
90.920000,-0.272213,1
90.960000,-0.268103,1
91.000000,-0.237820,1
91.040000,-0.185693,1
91.080000,-0.115316,1
91.120000,-0.065141,1
91.160000,0.058581,1
91.200000,0.149771,1
91.240000,0.112750,1
91.280000,0.045137,1
91.320000,0.024433,1
91.360000,0.057806,1
91.400000,0.038045,1
91.440000,-0.006808,1
91.480000,0.007476,1
91.520000,0.009292,1
91.560000,-0.018441,1
91.600000,-0.014515,1
91.640000,-0.113764,1
91.680000,-0.234756,1
91.720000,-0.307217,1
91.760000,-0.381299,1
91.800000,-0.402258,1
91.840000,-0.395822,1
91.880000,-0.375759,1
91.920000,-0.312418,1
91.960000,-0.250595,1
92.000000,-0.221074,1
92.040000,-0.238216,1
92.080000,-0.258492,1
92.120000,-0.302098,1
92.160000,-0.281395,1
92.200000,-0.192675,1
92.240000,-0.110660,1
92.280000,-0.080933,1
92.320000,-0.017496,1
92.360000,0.031610,1
92.400000,0.087488,1
92.440000,0.105446,1
92.480000,0.043841,1
92.520000,0.009144,1
92.560000,0.086523,1
92.600000,0.142149,1
92.640000,0.126034,1
92.680000,0.097647,1
92.720000,0.136410,1
92.760000,0.122569,1
92.800000,-0.004854,1
92.840000,-0.116401,1
92.880000,-0.210261,1
92.920000,-0.312090,1
92.960000,-0.365410,1
93.000000,-0.340762,1
93.040000,-0.277890,1
93.080000,-0.261504,1
93.120000,-0.189772,1
93.160000,-0.121423,1
93.200000,-0.116086,1
93.240000,-0.132137,1
93.280000,-0.180100,1
93.320000,-0.173661,1
93.360000,-0.146128,1
93.400000,-0.062084,1
93.440000,-0.015776,1
93.480000,0.030738,1
93.520000,0.139486,1
93.560000,0.260331,1
93.600000,0.268989,1
93.640000,0.152662,1
93.680000,0.101667,1
93.720000,0.156799,1
93.760000,0.185267,1
93.800000,0.145065,1
93.840000,0.169101,1
93.880000,0.255126,1
93.920000,0.207829,1
93.960000,0.052843,1
94.000000,-0.087469,1
94.040000,-0.159991,1
94.080000,-0.201345,1
94.120000,-0.186088,1
94.160000,-0.201146,1
94.200000,-0.180331,1
94.240000,-0.081315,1
94.280000,-0.039746,1
94.320000,-0.051890,1
94.360000,-0.035126,1
94.400000,-0.081746,1
94.440000,-0.080422,1
94.480000,-0.097252,1
94.520000,-0.120700,1
94.560000,-0.153642,1
94.600000,-0.143048,1
94.640000,-0.106566,1
94.680000,-0.116789,1
94.720000,-0.132231,1
94.760000,-0.031895,1
94.800000,0.081446,1
94.840000,0.029808,1
94.880000,-0.149393,1
94.920000,-0.291787,1
94.960000,-0.490791,1
95.000000,-0.584331,1
95.040000,-0.604383,1
95.080000,-0.617739,1
95.120000,-0.545166,1
95.160000,-0.546961,1
95.200000,-0.442243,1
95.240000,-0.381457,1
95.280000,-0.436299,1
95.320000,-0.500823,1
95.360000,-0.454327,1
95.400000,-0.442316,1
95.440000,-0.403776,1
95.480000,-0.355963,1
95.520000,-0.340036,1
95.560000,-0.286936,1
95.600000,-0.239778,1
95.640000,-0.165438,1
95.680000,-0.215118,1
95.720000,-0.213702,1
95.760000,-0.165083,1
95.800000,-0.154005,1
95.840000,-0.163069,1
95.880000,-0.195227,1
95.920000,-0.223697,1
95.960000,-0.229157,1
96.000000,-0.244195,1
96.040000,-0.230355,1
96.080000,-0.226168,1
96.120000,-0.221154,1
96.160000,-0.151654,1
96.200000,-0.131751,1
96.240000,-0.175713,1
96.280000,-0.353176,1
96.320000,-0.435452,1
96.360000,-0.494466,1
96.400000,-0.580059,1
96.440000,-0.608407,1
96.480000,-0.593581,1
96.520000,-0.526147,1
96.560000,-0.493268,1
96.600000,-0.449297,1
96.640000,-0.399392,1
96.680000,-0.397232,1
96.720000,-0.407301,1
96.760000,-0.399307,1
96.800000,-0.378086,1
96.840000,-0.341630,1
96.880000,-0.309532,1
96.920000,-0.314896,1
96.960000,-0.314670,1
97.000000,-0.304524,1
97.040000,-0.273234,1
97.080000,-0.213225,1
97.120000,-0.016234,1
97.160000,0.150498,1
97.200000,0.154476,1
97.240000,0.180927,1
97.280000,0.167770,1
97.320000,0.117253,1
97.360000,-0.018921,1
97.400000,-0.053885,1
97.440000,-0.085041,1
97.480000,-0.025795,1
97.520000,0.034931,1
97.560000,-0.012059,1
97.600000,-0.205997,1
97.640000,-0.274765,1
97.680000,-0.318763,1
97.720000,-0.344212,1
97.760000,-0.342824,1
97.800000,-0.329807,1
97.840000,-0.237636,1
97.880000,-0.161300,1
97.920000,-0.110389,1
97.960000,-0.110039,1
98.000000,-0.183463,1
98.040000,-0.206115,1
98.080000,-0.184052,1
98.120000,-0.125391,1
98.160000,-0.046210,1
98.200000,0.121677,1
98.240000,0.164233,1
98.280000,0.184602,1
98.320000,0.212582,1
98.360000,0.241391,1
98.400000,0.247728,1
98.440000,0.256308,1
98.480000,0.312307,1
98.520000,0.277460,1
98.560000,0.214275,1
98.600000,0.191375,1
98.640000,0.172874,1
98.680000,0.080594,1
98.720000,0.118667,1
98.760000,0.200949,1
98.800000,0.210040,1
98.840000,0.048216,1
98.880000,-0.034630,1
98.920000,-0.134577,1
98.960000,-0.226685,1
99.000000,-0.232361,1
99.040000,-0.183052,1
99.080000,-0.150855,1
99.120000,-0.078633,1
99.160000,0.016766,1
99.200000,0.034919,1
99.240000,0.034792,1
99.280000,-0.059657,1
99.320000,-0.076095,1
99.360000,-0.018857,1
99.400000,0.071568,1
99.440000,0.104521,1
99.480000,0.149182,1
99.520000,0.186960,1
99.560000,0.197986,1
99.600000,0.289388,1
99.640000,0.261861,1
99.680000,0.221914,1
99.720000,0.249359,1
99.760000,0.340379,1
99.800000,0.410080,1
99.840000,0.351708,1
99.880000,0.342274,1
99.920000,0.299744,1
99.960000,0.192015,1
100.000000,0.138647,1
100.040000,0.122258,1
100.080000,0.159821,1
100.120000,0.026922,1
100.160000,-0.109888,1
100.200000,-0.241066,1
100.240000,-0.258226,1
100.280000,-0.232936,1
100.320000,-0.270859,1
100.360000,-0.244418,1
100.400000,-0.213475,1
100.440000,-0.198039,1
100.480000,-0.201563,1
100.520000,-0.204604,1
100.560000,-0.201829,1
100.600000,-0.200813,1
100.640000,-0.197574,1
100.680000,-0.212720,1
100.720000,-0.222130,1
100.760000,-0.209994,1
100.800000,-0.176935,1
100.840000,-0.156861,1
100.880000,-0.150689,1
100.920000,-0.172080,1
100.960000,-0.188500,1
101.000000,-0.205673,1
101.040000,-0.224241,1
101.080000,-0.247685,1
101.120000,-0.271155,1
101.160000,-0.278949,1
101.200000,-0.261177,1
101.240000,-0.215277,1
101.280000,-0.216239,1
101.320000,-0.228208,1
101.360000,-0.270638,1
101.400000,-0.270796,1
101.440000,-0.243273,1
101.480000,-0.204463,1
101.520000,-0.194504,1
101.560000,-0.193210,1
101.600000,-0.177359,1
101.640000,-0.146464,1
101.680000,-0.121145,1
101.720000,-0.064614,1
101.760000,-0.024865,1
101.800000,0.006942,1
101.840000,0.041931,1
101.880000,0.079416,1
101.920000,0.099782,1
101.960000,0.128517,1
102.000000,0.156193,1
102.040000,0.154721,1
102.080000,0.136441,1
102.120000,0.109870,1
102.160000,0.108819,1
102.200000,0.122979,1
102.240000,0.153783,1
102.280000,0.169566,1
102.320000,0.176909,1
102.360000,0.171993,1
102.400000,0.160834,1
102.440000,0.146741,1
102.480000,0.121826,1
102.520000,0.111253,1
102.560000,0.100949,1
102.600000,0.085995,1
102.640000,0.079092,1
102.680000,0.070805,1
102.720000,0.070342,1
102.760000,0.086079,1
102.800000,0.100323,1
102.840000,0.089464,1
102.880000,0.041072,1
102.920000,-0.003128,1
102.960000,-0.149475,1
103.000000,-0.245891,1
103.040000,-0.336434,1
103.080000,-0.405920,1
103.120000,-0.416162,1
103.160000,-0.377868,1
103.200000,-0.231642,1
103.240000,-0.185667,1
103.280000,-0.181625,1
103.320000,-0.234891,1
103.360000,-0.342976,1
103.400000,-0.444671,1
103.440000,-0.510690,1
103.480000,-0.398711,1
103.520000,-0.295558,1
103.560000,-0.266083,1
103.600000,-0.395969,1
103.640000,-0.500550,1
103.680000,-0.530255,1
103.720000,-0.488972,1
103.760000,-0.518037,1
103.800000,-0.555071,1
103.840000,-0.467173,1
103.880000,-0.397158,1
103.920000,-0.422729,1
103.960000,-0.522797,1
104.000000,-0.595243,1
104.040000,-0.647933,1
104.080000,-0.725744,1
104.120000,-0.752067,1
104.160000,-0.735802,1
104.200000,-0.675561,1
104.240000,-0.604823,1
104.280000,-0.561437,1
104.320000,-0.572612,1
104.360000,-0.619827,1
104.400000,-0.660555,1
104.440000,-0.668623,1
104.480000,-0.671382,1
104.520000,-0.689596,1
104.560000,-0.699320,1
104.600000,-0.703545,1
104.640000,-0.718056,1
104.680000,-0.735611,1
104.720000,-0.743158,1
104.760000,-0.758984,1
104.800000,-0.757490,1
104.840000,-0.749396,1
104.880000,-0.730991,1
104.920000,-0.707972,1
104.960000,-0.693912,1
105.000000,-0.663182,1
105.040000,-0.633036,1
105.080000,-0.618344,1
105.120000,-0.585810,1
105.160000,-0.571013,1
105.200000,-0.558975,1
105.240000,-0.545744,1
105.280000,-0.546565,1
105.320000,-0.550810,1
105.360000,-0.607615,1
105.400000,-0.644984,1
105.440000,-0.670111,1
105.480000,-0.639177,1
105.520000,-0.539805,1
105.560000,-0.479616,1
105.600000,-0.447512,1
105.640000,-0.479396,1
105.680000,-0.494555,1
105.720000,-0.534771,1
105.760000,-0.561413,1
105.800000,-0.572939,1
105.840000,-0.558253,1
105.880000,-0.531046,1
105.920000,-0.570494,1
105.960000,-0.646492,1
106.000000,-0.754288,1
106.040000,-0.747446,1
106.080000,-0.653171,1
106.120000,-0.632633,1
106.160000,-0.663699,1
106.200000,-0.715952,1
106.240000,-0.741340,1
106.280000,-0.736558,1
106.320000,-0.765265,1
106.360000,-0.783374,1
106.400000,-0.796271,1
106.440000,-0.810211,1
106.480000,-0.825334,1
106.520000,-0.837594,1
106.560000,-0.836787,1
106.600000,-0.826075,1
106.640000,-0.814632,1
106.680000,-0.805096,1
106.720000,-0.789724,1
106.760000,-0.772812,1
106.800000,-0.768539,1
106.840000,-0.759384,1
106.880000,-0.751588,1
106.920000,-0.755524,1
106.960000,-0.763459,1
107.000000,-0.765582,1
107.040000,-0.752062,1
107.080000,-0.735865,1
107.120000,-0.706619,1
107.160000,-0.697783,1
107.200000,-0.693007,1
107.240000,-0.661587,1
107.280000,-0.629139,1
107.320000,-0.614524,1
107.360000,-0.620098,1
107.400000,-0.626041,1
107.440000,-0.596394,1
107.480000,-0.574933,1
107.520000,-0.530580,1
107.560000,-0.564724,1
107.600000,-0.619805,1
107.640000,-0.692497,1
107.680000,-0.787846,1
107.720000,-0.892134,1
107.760000,-0.885078,1
107.800000,-0.812786,1
107.840000,-0.779823,1
107.880000,-0.933467,1
107.920000,-1.084378,1
107.960000,-1.257035,1
108.000000,-1.340884,1
108.040000,-1.418983,1
108.080000,-1.401838,1
108.120000,-1.301422,1
108.160000,-1.235011,1
108.200000,-1.176894,1
108.240000,-1.165814,1
108.280000,-1.155114,1
108.320000,-1.172261,1
108.360000,-1.124858,1
108.400000,-1.091736,1
108.440000,-1.107005,1
108.480000,-1.121542,1
108.520000,-1.099192,1
108.560000,-0.968459,1
108.600000,-1.026804,1
108.640000,-1.122268,1
108.680000,-1.159567,1
108.720000,-1.148968,1
108.760000,-1.065605,1
108.800000,-1.094539,1
108.840000,-1.137630,1
108.880000,-1.191439,1
108.920000,-1.233074,1
108.960000,-1.235715,1
109.000000,-1.215966,1
109.040000,-1.185745,1
109.080000,-1.156871,1
109.120000,-1.120662,1
109.160000,-1.115520,1
109.200000,-1.138649,1
109.240000,-1.166669,1
109.280000,-1.174974,1
109.320000,-1.223533,1
109.360000,-1.470700,1
109.400000,-1.531948,1
109.440000,-1.588385,1
109.480000,-1.605662,1
109.520000,-1.511828,1
109.560000,-1.441880,1
109.600000,-1.472483,1
109.640000,-1.575246,1
109.680000,-1.590028,1
109.720000,-1.606809,1
109.760000,-1.662411,1
109.800000,-1.681774,1
109.840000,-1.681057,1
109.880000,-1.702013,1
109.920000,-1.716778,1
109.960000,-1.716113,1
110.000000,-1.707677,1
110.040000,-1.699086,1
110.080000,-1.683043,1
110.120000,-1.626541,1
110.160000,-1.609378,1
110.200000,-1.602169,1
110.240000,-1.592792,1
110.280000,-1.600661,1
110.320000,-1.613785,1
110.360000,-1.612317,1
110.400000,-1.612227,1
110.440000,-1.652722,1
110.480000,-1.708059,1
110.520000,-1.781836,1
110.560000,-1.865065,1
110.600000,-1.930082,1
110.640000,-2.045434,1
110.680000,-2.118067,1
110.720000,-2.141085,1
110.760000,-2.120099,1
110.800000,-2.002497,1
110.840000,-1.908527,1
110.880000,-1.907840,1
110.920000,-1.944517,1
110.960000,-1.999621,1
111.000000,-2.025988,1
111.040000,-2.044061,1
111.080000,-1.994170,1
111.120000,-1.963047,1
111.160000,-1.972851,1
111.200000,-1.984388,1
111.240000,-1.952787,1
111.280000,-1.859359,1
111.320000,-1.717467,1
111.360000,-1.677426,1
111.400000,-1.657421,1
111.440000,-1.695414,1
111.480000,-1.723855,1
111.520000,-1.724672,1
111.560000,-1.664248,1
111.600000,-1.583044,1
111.640000,-1.422812,1
111.680000,-1.106235,1
111.720000,-1.016029,1
111.760000,-0.984559,1
111.800000,-0.978201,1
111.840000,-1.058004,1
111.880000,-1.151801,1
111.920000,-1.188772,1
111.960000,-1.077848,1
112.000000,-0.923074,1
112.040000,-0.823949,1
112.080000,-0.819269,1
112.120000,-0.804499,1
112.160000,-0.709669,1
112.200000,-0.713139,1
112.240000,-0.751064,1
112.280000,-0.764608,1
112.320000,-0.756144,1
112.360000,-0.752775,1
112.400000,-0.727173,1
112.440000,-0.644657,1
112.480000,-0.527825,1
112.520000,-0.496965,1
112.560000,-0.479150,1
112.600000,-0.482007,1
112.640000,-0.501915,1
112.680000,-0.511048,1
112.720000,-0.503020,1
112.760000,-0.473840,1
112.800000,-0.429611,1
112.840000,-0.376111,1
112.880000,-0.351732,1
112.920000,-0.362477,1
112.960000,-0.370443,1
113.000000,-0.378267,1
113.040000,-0.375895,1
113.080000,-0.384171,1
113.120000,-0.436635,1
113.160000,-0.471843,1
113.200000,-0.480517,1
113.240000,-0.465106,1
113.280000,-0.446904,1
113.320000,-0.427542,1
113.360000,-0.444411,1
113.400000,-0.369111,1
113.440000,-0.370647,1
113.480000,-0.408290,1
113.520000,-0.489491,1
113.560000,-0.566140,1
113.600000,-0.521171,1
113.640000,-0.490530,1
113.680000,-0.547455,1
113.720000,-0.594843,1
113.760000,-0.629110,1
113.800000,-0.612057,1
113.840000,-0.634765,1
113.880000,-0.649901,1
113.920000,-0.634308,1
113.960000,-0.602265,1
114.000000,-0.606616,1
114.040000,-0.571931,1
114.080000,-0.526085,1
114.120000,-0.468401,1
114.160000,-0.345319,1
114.200000,-0.322190,1
114.240000,-0.318553,1
114.280000,-0.325633,1
114.320000,-0.345794,1
114.360000,-0.365340,1
114.400000,-0.398759,1
114.440000,-0.429747,1
114.480000,-0.488466,1
114.520000,-0.526893,1
114.560000,-0.491707,1
114.600000,-0.464173,1
114.640000,-0.504208,1
114.680000,-0.528255,1
114.720000,-0.609123,1
114.760000,-0.646393,1
114.800000,-0.675121,1
114.840000,-0.700325,1
114.880000,-0.721843,1
114.920000,-0.728783,1
114.960000,-0.735362,1
115.000000,-0.735399,1
115.040000,-0.712823,1
115.080000,-0.708041,1
115.120000,-0.667983,1
115.160000,-0.635636,1
115.200000,-0.636622,1
115.240000,-0.674584,1
115.280000,-0.730224,1
115.320000,-0.789529,1
115.360000,-0.885194,1
115.400000,-0.915103,1
115.440000,-0.905899,1
115.480000,-0.875678,1
115.520000,-0.867412,1
115.560000,-0.872000,1
115.600000,-0.901029,1
115.640000,-0.926605,1
115.680000,-0.954837,1
115.720000,-0.995904,1
115.760000,-1.004466,1
115.800000,-1.040646,1
115.840000,-1.065615,1
115.880000,-1.083974,1
115.920000,-1.093799,1
115.960000,-1.117706,1
116.000000,-1.149865,1
116.040000,-1.202211,1
116.080000,-1.286382,1
116.120000,-1.336276,1
116.160000,-1.337939,1
116.200000,-1.279109,1
116.240000,-1.225376,1
116.280000,-1.206858,1
116.320000,-1.149481,1
116.360000,-1.132310,1
116.400000,-1.131615,1
116.440000,-1.014896,1
116.480000,-0.984182,1
116.520000,-1.121311,1
116.560000,-1.161127,1
116.600000,-1.163943,1
116.640000,-1.122459,1
116.680000,-1.075544,1
116.720000,-1.042175,1
116.760000,-0.955815,1
116.800000,-0.862584,1
116.840000,-0.829671,1
116.880000,-0.729228,1
116.920000,-0.653739,1
116.960000,-0.651714,1
117.000000,-0.663237,1
117.040000,-0.666898,1
117.080000,-0.669332,1
117.120000,-0.633195,1
117.160000,-0.554016,1
117.200000,-0.492893,1
117.240000,-0.242564,1
117.280000,-0.122009,1
117.320000,-0.285175,1
117.360000,-0.336512,1
117.400000,-0.338454,1
117.440000,-0.407984,1
117.480000,-0.428332,1
117.520000,-0.343447,1
117.560000,-0.279382,1
117.600000,-0.257672,1
117.640000,-0.299495,1
117.680000,-0.307440,1
117.720000,-0.329909,1
117.760000,-0.314551,1
117.800000,-0.267777,1
117.840000,-0.240735,1
117.880000,-0.403046,1
117.920000,-0.527046,1
117.960000,-0.622573,1
118.000000,-0.735065,1
118.040000,-0.757023,1
118.080000,-0.780700,1
118.120000,-0.766807,1
118.160000,-0.714559,1
118.200000,-0.660654,1
118.240000,-0.611352,1
118.280000,-0.574313,1
118.320000,-0.567422,1
118.360000,-0.574348,1
118.400000,-0.562172,1
118.440000,-0.543215,1
118.480000,-0.525663,1
118.520000,-0.503506,1
118.560000,-0.496355,1
118.600000,-0.493530,1
118.640000,-0.469015,1
118.680000,-0.412481,1
118.720000,-0.324034,1
118.760000,-0.257104,1
118.800000,-0.210911,1
118.840000,-0.207090,1
118.880000,-0.340999,1
118.920000,-0.421245,1
118.960000,-0.408312,1
119.000000,-0.268779,1
119.040000,-0.072100,1
119.080000,-0.014387,1
119.120000,-0.116832,1
119.160000,-0.207254,1
119.200000,-0.424401,1
119.240000,-0.529501,1
119.280000,-0.539770,1
119.320000,-0.395075,1
119.360000,-0.519472,1
119.400000,-0.724599,1
119.440000,-0.925914,1
119.480000,-1.018561,1
119.520000,-1.100893,1
119.560000,-1.182829,1
119.600000,-1.166951,1
119.640000,-1.085961,1
119.680000,-1.062807,7
119.720000,-1.067471,1
119.760000,-1.064843,1
119.800000,-1.129850,1
119.840000,-1.148118,1
119.880000,-1.191515,1
119.920000,-1.194651,1
119.960000,-1.198867,1
120.000000,-1.192502,1
120.040000,-1.216197,1
120.080000,-1.211167,1
120.120000,-1.109405,1
120.160000,-1.077500,1
120.200000,-1.117634,1
120.240000,-1.195774,1
120.280000,-1.309125,1
120.320000,-1.357539,1
120.360000,-1.353385,1
120.400000,-1.301804,1
120.440000,-1.304938,1
120.480000,-1.311285,1
120.520000,-1.357141,1
120.560000,-1.457096,1
120.600000,-1.602193,1
120.640000,-1.759328,1
120.680000,-1.858966,1
120.720000,-1.993898,1
120.760000,-2.048953,1
120.800000,-2.011531,1
120.840000,-1.996611,1
120.880000,-1.947922,1
120.920000,-1.903578,1
120.960000,-1.854643,1
121.000000,-1.889114,1
121.040000,-1.974557,1
121.080000,-1.974765,1
121.120000,-1.921123,1
121.160000,-1.833411,1
121.200000,-1.763015,1
121.240000,-1.705911,1
121.280000,-1.555913,1
121.320000,-1.494987,1
121.360000,-1.490680,1
121.400000,-1.522812,1
121.440000,-1.573423,1
121.480000,-1.590586,1
121.520000,-1.636636,1
121.560000,-1.682416,1
121.600000,-1.658500,1
121.640000,-1.595881,1
121.680000,-1.611557,1
121.720000,-1.759099,1
121.760000,-1.891324,1
121.800000,-1.985213,1
121.840000,-2.027490,1
121.880000,-2.063285,1
121.920000,-2.097354,1
121.960000,-2.093350,1
122.000000,-2.066927,1
122.040000,-1.997852,1
122.080000,-1.924420,1
122.120000,-1.925457,1
122.160000,-1.953173,1
122.200000,-1.992794,1
122.240000,-2.003045,1
122.280000,-1.976954,1
122.320000,-1.956307,1
122.360000,-1.954569,1
122.400000,-1.857361,1
122.440000,-1.743924,1
122.480000,-1.687198,1
122.520000,-1.620312,1
122.560000,-1.645749,1
122.600000,-1.676471,1
122.640000,-1.689471,1
122.680000,-1.687724,1
122.720000,-1.705758,1
122.760000,-1.740811,1
122.800000,-1.730692,1
122.840000,-1.757289,1
122.880000,-1.737635,1
122.920000,-1.829011,1
122.960000,-1.923419,1
123.000000,-2.039395,1
123.040000,-2.098897,1
123.080000,-2.169763,1
123.120000,-2.136856,1
123.160000,-2.125371,1
123.200000,-2.068977,1
123.240000,-2.001191,1
123.280000,-1.965705,1
123.320000,-1.970707,1
123.360000,-2.058878,1
123.400000,-2.106657,1
123.440000,-2.112979,1
123.480000,-2.087483,1
123.520000,-2.027640,1
123.560000,-1.945092,1
123.600000,-1.853169,1
123.640000,-1.742430,1
123.680000,-1.595092,1
123.720000,-1.605253,1
123.760000,-1.669485,1
123.800000,-1.652708,1
123.840000,-1.600153,1
123.880000,-1.631532,1
123.920000,-1.703639,1
123.960000,-1.705251,1
124.000000,-1.685118,1
124.040000,-1.731976,1
124.080000,-1.908353,1
124.120000,-2.003746,1
124.160000,-2.082949,1
124.200000,-2.133032,1
124.240000,-2.093029,1
124.280000,-2.086159,1
124.320000,-2.032832,1
124.360000,-1.917710,1
124.400000,-1.868889,1
124.440000,-1.892074,1
124.480000,-1.947424,1
124.520000,-1.975469,1
124.560000,-2.008818,1
124.600000,-1.927566,1
124.640000,-1.856605,1
124.680000,-1.841093,1
124.720000,-1.794071,1
124.760000,-1.785118,1
124.800000,-1.798658,1
124.840000,-1.664744,1
124.880000,-1.624160,1
124.920000,-1.692435,1
124.960000,-1.740985,1
125.000000,-1.723941,1
125.040000,-1.729460,1
125.080000,-1.743217,1
125.120000,-1.687675,1
125.160000,-1.686305,1
125.200000,-1.685861,1
125.240000,-1.697882,1
125.280000,-1.716941,1
125.320000,-1.772979,1
125.360000,-1.809436,1
125.400000,-1.881724,1
125.440000,-1.966018,1
125.480000,-2.058069,1
125.520000,-2.130077,1
125.560000,-2.160754,1
125.600000,-2.162320,1
125.640000,-2.140072,1
125.680000,-2.069679,1
125.720000,-2.014025,1
125.760000,-1.973472,1
125.800000,-1.995153,1
125.840000,-2.022062,1
125.880000,-2.054053,1
125.920000,-2.014196,1
125.960000,-1.953751,1
126.000000,-1.937646,1
126.040000,-1.985317,1
126.080000,-2.015198,1
126.120000,-2.047797,1
126.160000,-1.988967,1
126.200000,-1.922020,1
126.240000,-1.842101,1
126.280000,-1.584108,1
126.320000,-1.615688,1
126.360000,-1.620166,1
126.400000,-1.640335,1
126.440000,-1.740311,1
126.480000,-1.784420,1
126.520000,-1.766286,1
126.560000,-1.755989,1
126.600000,-1.702067,1
126.640000,-1.657304,1
126.680000,-1.748664,1
126.720000,-1.905041,1
126.760000,-1.954213,1
126.800000,-1.958186,1
126.840000,-1.985034,1
126.880000,-2.061750,1
126.920000,-2.052333,1
126.960000,-2.040161,1
127.000000,-1.981204,1
127.040000,-1.882782,1
127.080000,-1.840588,1
127.120000,-1.783790,1
127.160000,-1.789200,1
127.200000,-1.794689,1
127.240000,-1.809603,1
127.280000,-1.738771,1
127.320000,-1.723630,1
127.360000,-1.763732,1
127.400000,-1.782349,1
127.440000,-1.812678,1
127.480000,-1.794399,1
127.520000,-1.720705,1
127.560000,-1.729410,1
127.600000,-1.784823,1
127.640000,-1.804701,1
127.680000,-1.786654,1
127.720000,-1.781231,1
127.760000,-1.788965,1
127.800000,-1.803286,1
127.840000,-1.810168,1
127.880000,-1.807235,1
127.920000,-1.789632,1
127.960000,-1.769869,1
128.000000,-1.758475,1
128.040000,-1.753229,1
128.080000,-1.740211,1
128.120000,-1.730413,1
128.160000,-1.724023,1
128.200000,-1.715363,1
