0.000000,0.425779,1
0.040000,0.426135,1
0.080000,0.426059,1
0.120000,0.425755,1
0.160000,0.426231,1
0.200000,0.426871,1
0.240000,0.427114,1
0.280000,0.427322,1
0.320000,0.427143,1
0.360000,0.426268,1
0.400000,0.426173,1
0.440000,0.427076,1
0.480000,0.427551,1
0.520000,0.427048,1
0.560000,0.426455,1
0.600000,0.425836,1
0.640000,0.425368,1
0.680000,0.424956,1
0.720000,0.424662,1
0.760000,0.424316,1
0.800000,0.423528,1
0.840000,0.423152,1
0.880000,0.422309,1
0.920000,0.421447,1
0.960000,0.421586,1
1.000000,0.421872,1
1.040000,0.421572,1
1.080000,0.421168,1
1.120000,0.421129,1
1.160000,0.422496,1
1.200000,0.423919,1
1.240000,0.425284,1
1.280000,0.425098,1
1.320000,0.424665,1
1.360000,0.424386,1
1.400000,0.425287,1
1.440000,0.426165,1
1.480000,0.427498,1
1.520000,0.428264,1
1.560000,0.427790,1
1.600000,0.426997,1
1.640000,0.426820,1
1.680000,0.427004,1
1.720000,0.427611,1
1.760000,0.427875,1
1.800000,0.427922,1
1.840000,0.428200,1
1.880000,0.428619,1
1.920000,0.428830,1
1.960000,0.427534,1
2.000000,0.425638,1
2.040000,0.425493,1
2.080000,0.425674,1
2.120000,0.426249,1
2.160000,0.427063,1
2.200000,0.426819,1
2.240000,0.430374,1
2.280000,0.431194,1
2.320000,0.430943,1
2.360000,0.434079,1
2.400000,0.438578,1
2.440000,0.442133,1
2.480000,0.447919,1
2.520000,0.451044,1
2.560000,0.453986,1
2.600000,0.452570,1
2.640000,0.453895,1
2.680000,0.455103,1
2.720000,0.457664,1
2.760000,0.456278,1
2.800000,0.447721,1
2.840000,0.430425,1
2.880000,0.411144,1
2.920000,0.399798,1
2.960000,0.393361,1
3.000000,0.391629,1
3.040000,0.402558,1
3.080000,0.403742,1
3.120000,0.403591,1
3.160000,0.412025,1
3.200000,0.433666,1
3.240000,0.471420,1
3.280000,0.507123,1
3.320000,0.537999,1
3.360000,0.550986,1
3.400000,0.551714,1
3.440000,0.559183,1
3.480000,0.583586,1
3.520000,0.613757,1
3.560000,0.611606,1
3.600000,0.568295,1
3.640000,0.556855,1
3.680000,0.598513,1
3.720000,0.633155,1
3.760000,0.618548,1
3.800000,0.585826,1
3.840000,0.590817,1
3.880000,0.575520,1
3.920000,0.547991,1
3.960000,0.518919,1
4.000000,0.467527,1
4.040000,0.421745,1
4.080000,0.439746,1
4.120000,0.466822,1
4.160000,0.434755,1
4.200000,0.415982,1
4.240000,0.373573,1
4.280000,0.270958,1
4.320000,0.265743,1
4.360000,0.258476,1
4.400000,0.182599,1
4.440000,0.173361,1
4.480000,0.189053,1
4.520000,0.240538,1
4.560000,0.236819,1
4.600000,0.196219,1
4.640000,0.258575,1
4.680000,0.284406,1
4.720000,0.297761,1
4.760000,0.283350,1
4.800000,0.296561,1
4.840000,0.374674,1
4.880000,0.437850,1
4.920000,0.454005,1
4.960000,0.453886,1
5.000000,0.469150,1
5.040000,0.462058,1
5.080000,0.475081,1
5.120000,0.520654,1
5.160000,0.521524,1
5.200000,0.527809,1
5.240000,0.604168,1
5.280000,0.650683,1
5.320000,0.628421,1
5.360000,0.594990,1
5.400000,0.659435,1
5.440000,0.631918,1
5.480000,0.605286,1
5.520000,0.688475,1
5.560000,0.770118,1
5.600000,0.774943,1
5.640000,0.740407,1
5.680000,0.680474,1
5.720000,0.672706,1
5.760000,0.719599,1
5.800000,0.750018,1
5.840000,0.776094,1
5.880000,0.891160,1
5.920000,0.944892,1
5.960000,0.918749,1
6.000000,0.831572,1
6.040000,0.845335,1
6.080000,0.892277,1
6.120000,0.884657,1
6.160000,0.814984,1
6.200000,0.849164,1
6.240000,0.860501,1
6.280000,0.805507,1
6.320000,0.698153,1
6.360000,0.708216,1
6.400000,0.743663,1
6.440000,0.640852,1
6.480000,0.651619,1
6.520000,0.744467,1
6.560000,0.754915,1
6.600000,0.709133,1
6.640000,0.696105,1
6.680000,0.725594,1
6.720000,0.773258,1
6.760000,0.832436,1
6.800000,0.945413,2
6.840000,1.003420,1
6.880000,1.016473,1
6.920000,0.971367,1
6.960000,0.980544,1
7.000000,1.022273,1
7.040000,1.075919,1
7.080000,1.074855,1
7.120000,1.075433,1
7.160000,1.157399,1
7.200000,1.151306,1
7.240000,1.102680,1
7.280000,1.139268,1
7.320000,1.158774,1
7.360000,1.104278,1
7.400000,1.113331,1
7.440000,1.236107,1
7.480000,1.271973,1
7.520000,1.262613,1
7.560000,1.182900,1
7.600000,1.168055,1
7.640000,1.199867,1
7.680000,1.216719,1
7.720000,1.246908,1
7.760000,1.358686,1
7.800000,1.451539,1
7.840000,1.493332,1
7.880000,1.385822,1
7.920000,1.367590,1
7.960000,1.446419,1
8.000000,1.472721,1
8.040000,1.452945,1
8.080000,1.487901,1
8.120000,1.543871,1
8.160000,1.502275,1
8.200000,1.406241,1
8.240000,1.410147,1
8.280000,1.489086,1
8.320000,1.435854,1
8.360000,1.427331,1
8.400000,1.522724,1
8.440000,1.520113,1
8.480000,1.467461,1
8.520000,1.458875,1
8.560000,1.484848,1
8.600000,1.492234,1
8.640000,1.506032,1
8.680000,1.600284,1
8.720000,1.642096,1
8.760000,1.657349,1
8.800000,1.573132,1
8.840000,1.516886,1
8.880000,1.532356,1
8.920000,1.575915,1
8.960000,1.528886,1
9.000000,1.465054,1
9.040000,1.501145,1
9.080000,1.428801,1
9.120000,1.372048,1
9.160000,1.403039,1
9.200000,1.419750,1
9.240000,1.337114,1
9.280000,1.279516,1
9.320000,1.395994,1
9.360000,1.332390,1
9.400000,1.276191,1
9.440000,1.320525,1
9.480000,1.317649,1
9.520000,1.325913,1
9.560000,1.387298,1
9.600000,1.498807,1
9.640000,1.562832,1
9.680000,1.543528,1
9.720000,1.430221,1
9.760000,1.416361,1
9.800000,1.470021,1
9.840000,1.478116,1
9.880000,1.419368,1
9.920000,1.452927,1
9.960000,1.477126,1
10.000000,1.338374,1
10.040000,1.318883,1
10.080000,1.409500,1
10.120000,1.330713,1
10.160000,1.302734,1
10.200000,1.421584,1
10.240000,1.471276,1
10.280000,1.359853,1
10.320000,1.338412,1
10.360000,1.358539,1
10.400000,1.338385,1
10.440000,1.355269,1
10.480000,1.468135,1
10.520000,1.605646,1
10.560000,1.635554,1
10.600000,1.475733,1
10.640000,1.471040,1
10.680000,1.496258,1
10.720000,1.507013,1
10.760000,1.467975,1
10.800000,1.469490,1
10.840000,1.527179,1
10.880000,1.455876,1
10.920000,1.336892,1
10.960000,1.402996,1
11.000000,1.370052,1
11.040000,1.296246,1
11.080000,1.349689,1
11.120000,1.418681,1
11.160000,1.359179,1
11.200000,1.337988,1
11.240000,1.344817,1
11.280000,1.335271,1
11.320000,1.346900,1
11.360000,1.390130,1
11.400000,1.503123,1
11.440000,1.662258,1
11.480000,1.620717,1
11.520000,1.496552,1
11.560000,1.515447,1
11.600000,1.531362,1
11.640000,1.551913,1
11.680000,1.502746,1
11.720000,1.561156,1
11.760000,1.587615,1
11.800000,1.532992,1
11.840000,1.424632,1
11.880000,1.449368,1
11.920000,1.436622,1
11.960000,1.405928,1
12.000000,1.461359,1
12.040000,1.513134,1
12.080000,1.483578,1
12.120000,1.420698,1
12.160000,1.426831,1
12.200000,1.484447,1
12.240000,1.520855,1
12.280000,1.577625,1
12.320000,1.664089,1
12.360000,1.735248,1
12.400000,1.706827,1
12.440000,1.556561,1
12.480000,1.596678,1
12.520000,1.620269,1
12.560000,1.626084,1
12.600000,1.618007,1
12.640000,1.590713,1
12.680000,1.690218,1
12.720000,1.713072,1
12.760000,1.630158,1
12.800000,1.561568,1
12.840000,1.552636,1
12.880000,1.510642,1
12.920000,1.491911,1
12.960000,1.548349,1
13.000000,1.597971,1
13.040000,1.586919,1
13.080000,1.579268,1
13.120000,1.603631,1
13.160000,1.631795,1
13.200000,1.659457,1
13.240000,1.729959,1
13.280000,1.829498,1
13.320000,1.865342,1
13.360000,1.786718,1
13.400000,1.795262,1
13.440000,1.800593,1
13.480000,1.826233,1
13.520000,1.871317,1
13.560000,1.885079,1
13.600000,1.754744,1
13.640000,1.833976,1
13.680000,1.884390,1
13.720000,1.732645,1
13.760000,1.669942,1
13.800000,1.640679,1
13.840000,1.608923,1
13.880000,1.569613,1
13.920000,1.556043,1
13.960000,1.562895,1
14.000000,1.524202,1
14.040000,1.505902,1
14.080000,1.623158,1
14.120000,1.643000,1
14.160000,1.588532,1
14.200000,1.635046,1
14.240000,1.783117,1
14.280000,1.759884,1
14.320000,1.646683,1
14.360000,1.605177,1
14.400000,1.615590,1
14.440000,1.634459,1
14.480000,1.597770,1
14.520000,1.577152,1
14.560000,1.562201,1
14.600000,1.671964,1
14.640000,1.619563,1
14.680000,1.553152,1
14.720000,1.487242,1
14.760000,1.474261,1
14.800000,1.425198,1
14.840000,1.395980,1
14.880000,1.475334,1
14.920000,1.455707,1
14.960000,1.442525,1
15.000000,1.430016,1
15.040000,1.470565,1
15.080000,1.470799,1
15.120000,1.493716,1
15.160000,1.556875,1
15.200000,1.676597,1
15.240000,1.664031,1
15.280000,1.578065,1
15.320000,1.582045,1
15.360000,1.604139,1
15.400000,1.629148,1
15.440000,1.632192,1
15.480000,1.615864,1
15.520000,1.591881,1
15.560000,1.664760,1
15.600000,1.705534,1
15.640000,1.628683,1
15.680000,1.569079,1
15.720000,1.592994,1
15.760000,1.560606,1
15.800000,1.513500,1
15.840000,1.584178,1
15.880000,1.615805,1
15.920000,1.561087,1
15.960000,1.575740,1
16.000000,1.598223,1
16.040000,1.577105,1
16.080000,1.559483,1
16.120000,1.608830,1
16.160000,1.747714,1
16.200000,1.846970,1
16.240000,1.805761,1
16.280000,1.637280,1
16.320000,1.684316,1
16.360000,1.731635,1
16.400000,1.717124,1
16.440000,1.654316,1
16.480000,1.622447,1
16.520000,1.712092,1
16.560000,1.640189,1
16.600000,1.518842,1
16.640000,1.485316,1
16.680000,1.479615,1
16.720000,1.413147,1
16.760000,1.382994,1
16.800000,1.462167,1
16.840000,1.450778,1
16.880000,1.351940,1
16.920000,1.371508,1
16.960000,1.406256,1
17.000000,1.437849,1
17.040000,1.428720,1
17.080000,1.447741,1
17.120000,1.602917,1
17.160000,1.591719,1
17.200000,1.494457,1
17.240000,1.426421,1
17.280000,1.433109,1
17.320000,1.446569,1
17.360000,1.447461,1
17.400000,1.402683,1
17.440000,1.418996,1
17.480000,1.486469,1
17.520000,1.442295,1
17.560000,1.359440,1
17.600000,1.324561,1
17.640000,1.340523,1
17.680000,1.279301,1
17.720000,1.303778,1
17.760000,1.382809,1
17.800000,1.430940,1
17.840000,1.379701,1
17.880000,1.349796,1
17.920000,1.346125,1
17.960000,1.350824,1
18.000000,1.382943,1
18.040000,1.454716,1
18.080000,1.562188,1
18.120000,1.589391,1
18.160000,1.501675,1
18.200000,1.432708,1
18.240000,1.485898,1
18.280000,1.511179,1
18.320000,1.478351,1
18.360000,1.419908,1
18.400000,1.472870,1
18.440000,1.416168,1
18.480000,1.332750,1
18.520000,1.295492,1
18.560000,1.344305,1
18.600000,1.196873,1
18.640000,1.213681,1
18.680000,1.295690,1
18.720000,1.304669,1
18.760000,1.221408,1
18.800000,1.211316,1
18.840000,1.222804,1
18.880000,1.235374,1
18.920000,1.231573,1
18.960000,1.235879,1
19.000000,1.331816,1
19.040000,1.339433,1
19.080000,1.206047,1
19.120000,1.167774,1
19.160000,1.171075,1
19.200000,1.213805,1
19.240000,1.215948,1
19.280000,1.201236,1
19.320000,1.160034,1
19.360000,1.207478,1
19.400000,1.262483,1
19.440000,1.200229,1
19.480000,1.153641,1
19.520000,1.148755,1
19.560000,1.147441,1
19.600000,1.114073,1
19.640000,1.117633,1
19.680000,1.221151,1
19.720000,1.240848,1
19.760000,1.208370,1
19.800000,1.187014,1
19.840000,1.188703,1
19.880000,1.197903,1
19.920000,1.273818,1
19.960000,1.350914,1
20.000000,1.433579,1
20.040000,1.435297,1
20.080000,1.367486,1
20.120000,1.271502,1
20.160000,1.310485,1
20.200000,1.330647,1
20.240000,1.331809,1
20.280000,1.330891,1
20.320000,1.385124,1
20.360000,1.386491,1
20.400000,1.348529,1
20.440000,1.365608,1
20.480000,1.403933,1
20.520000,1.324667,1
20.560000,1.319109,1
20.600000,1.372280,1
20.640000,1.492056,1
20.680000,1.410531,1
20.720000,0.997651,1
20.760000,1.322577,1
20.800000,1.525035,1
20.840000,1.599457,1
20.880000,1.614351,1
20.920000,1.687837,1
20.960000,1.692494,1
21.000000,1.646864,1
21.040000,1.664908,1
21.080000,1.389231,1
21.120000,1.445378,1
21.160000,1.636011,1
21.200000,1.759218,1
21.240000,1.582824,1
21.280000,1.668193,1
21.320000,1.683167,1
21.360000,1.640166,1
21.400000,1.553275,1
21.440000,1.566155,1
21.480000,1.606509,1
21.520000,1.585495,1
21.560000,1.563421,1
21.600000,1.596504,1
21.640000,1.651890,1
21.680000,1.609178,1
21.720000,1.563578,1
21.760000,1.567330,1
21.800000,1.568216,1
21.840000,1.577168,1
21.880000,1.572774,1
21.920000,1.588815,1
21.960000,1.666120,1
22.000000,1.711438,1
22.040000,1.667581,1
22.080000,1.543077,1
22.120000,1.558794,1
22.160000,1.613803,1
22.200000,1.622154,1
22.240000,1.581992,1
22.280000,1.573011,1
22.320000,1.627678,1
22.360000,1.616754,1
22.400000,1.527122,1
22.440000,1.494421,1
22.480000,1.508994,1
22.520000,1.459360,1
22.560000,1.502728,1
22.600000,1.596968,1
22.640000,1.620085,1
22.680000,1.601546,1
22.720000,1.577832,1
22.760000,1.577287,1
22.800000,1.581366,1
22.840000,1.596092,1
22.880000,1.627215,1
22.920000,1.712371,1
22.960000,1.830997,1
23.000000,1.805899,1
23.040000,1.705343,1
23.080000,1.658660,1
23.120000,1.713144,1
23.160000,1.735413,1
23.200000,1.711039,1
23.240000,1.622018,1
23.280000,1.701756,1
23.320000,1.710953,1
23.360000,1.594875,1
23.400000,1.594830,1
23.440000,1.639933,1
23.480000,1.572806,1
23.520000,1.542593,1
23.560000,1.578468,1
23.600000,1.627647,1
23.640000,1.590477,1
23.680000,1.537206,1
23.720000,1.542923,1
23.760000,1.566373,1
23.800000,1.598467,1
23.840000,1.598357,1
23.880000,1.605262,1
23.920000,1.671467,1
23.960000,1.662714,1
24.000000,1.628118,1
24.040000,1.566462,1
24.080000,1.600116,1
24.120000,1.633087,1
24.160000,1.625292,1
24.200000,1.601968,1
24.240000,1.562800,1
24.280000,1.648711,1
24.320000,1.594743,1
24.360000,1.500934,1
24.400000,1.469555,1
24.440000,1.481272,1
24.480000,1.419391,1
24.520000,1.383898,1
24.560000,1.434686,1
24.600000,1.457402,1
24.640000,1.402924,1
24.680000,1.428742,1
24.720000,1.482285,1
24.760000,1.510921,1
24.800000,1.508443,1
24.840000,1.535966,1
24.880000,1.598667,1
24.920000,1.650578,1
24.960000,1.592850,1
25.000000,1.534521,1
25.040000,1.580613,1
25.080000,1.576950,1
25.120000,1.575945,1
25.160000,1.496159,1
25.200000,1.508552,1
25.240000,1.530582,1
25.280000,1.436123,1
25.320000,1.401565,1
25.360000,1.402332,1
25.400000,1.296648,1
25.440000,1.234013,1
25.480000,1.281185,1
25.520000,1.365882,1
25.560000,1.301171,1
25.600000,1.250796,1
25.640000,1.305066,1
25.680000,1.323118,1
25.720000,1.324466,1
25.760000,1.328645,1
25.800000,1.411730,1
25.840000,1.493516,1
25.880000,1.412817,1
25.920000,1.360218,1
25.960000,1.329188,1
26.000000,1.405593,1
26.040000,1.440520,1
26.080000,1.422041,1
26.120000,1.363936,1
26.160000,1.437082,1
26.200000,1.497700,1
26.240000,1.428117,1
26.280000,1.377402,1
26.320000,1.415576,1
26.360000,1.283525,1
26.400000,1.286742,1
26.440000,1.380483,1
26.480000,1.454561,1
26.520000,1.419209,1
26.560000,1.341663,1
26.600000,1.323382,1
26.640000,1.339578,1
26.680000,1.348022,1
26.720000,1.343738,1
26.760000,1.401743,1
26.800000,1.482818,1
26.840000,1.432733,1
26.880000,1.398981,1
26.920000,1.407363,1
26.960000,1.466501,1
27.000000,1.495997,1
27.040000,1.492059,1
27.080000,1.468570,1
27.120000,1.534502,1
27.160000,1.571573,1
27.200000,1.500822,1
27.240000,1.463587,1
27.280000,1.493479,1
27.320000,1.523624,1
27.360000,1.523597,1
27.400000,1.520262,1
27.440000,1.555836,1
27.480000,1.528850,1
27.520000,1.493866,1
27.560000,1.541837,1
27.600000,1.563880,1
27.640000,1.613615,1
27.680000,1.662760,1
27.720000,1.702955,1
27.760000,1.724555,1
27.800000,1.635803,1
27.840000,1.659683,1
27.880000,1.624245,1
27.920000,1.658141,1
27.960000,1.665630,1
28.000000,1.640250,1
28.040000,1.618883,1
28.080000,1.715082,1
28.120000,1.722037,1
28.160000,1.670733,1
28.200000,1.638112,1
28.240000,1.609518,1
28.280000,1.587959,1
28.320000,1.531058,1
28.360000,1.558729,1
28.400000,1.646230,1
28.440000,1.666508,1
28.480000,1.595841,1
28.520000,1.606267,1
28.560000,1.642059,1
28.600000,1.692377,1
28.640000,1.712640,1
28.680000,1.798772,1
28.720000,1.801370,1
28.760000,1.724141,1
28.800000,1.646068,1
28.840000,1.615516,1
28.880000,1.621224,1
28.920000,1.651872,1
28.960000,1.611334,1
29.000000,1.557102,1
29.040000,1.643340,1
29.080000,1.619592,1
29.120000,1.549290,1
29.160000,1.530191,1
29.200000,1.533746,1
29.240000,1.530982,1
29.280000,1.512135,1
29.320000,1.543910,1
29.360000,1.591367,1
29.400000,1.556374,1
29.440000,1.520181,1
29.480000,1.511422,1
29.520000,1.533356,1
29.560000,1.561479,1
29.600000,1.552312,1
29.640000,1.561532,1
29.680000,1.643587,1
29.720000,1.609586,1
29.760000,1.575665,1
29.800000,1.509916,1
29.840000,1.486300,1
29.880000,1.535432,1
29.920000,1.567336,1
29.960000,1.529524,1
30.000000,1.505874,1
30.040000,1.592616,1
30.080000,1.601508,1
30.120000,1.664632,1
30.160000,1.613538,1
30.200000,1.559493,1
30.240000,1.534164,1
30.280000,1.501431,1
30.320000,1.540769,1
30.360000,1.618523,1
30.400000,1.621519,1
30.440000,1.511015,1
30.480000,1.449718,1
30.520000,1.482429,1
30.560000,1.516616,1
30.600000,1.528802,1
30.640000,1.514798,1
30.680000,1.501491,1
30.720000,1.508169,1
30.760000,1.521718,1
30.800000,1.506534,1
30.840000,1.488040,1
30.880000,1.488476,1
30.920000,1.538388,1
30.960000,1.513231,1
31.000000,1.512335,1
31.040000,1.481181,1
31.080000,1.561570,1
31.120000,1.603843,1
31.160000,1.542923,1
31.200000,1.488436,1
31.240000,1.512762,1
31.280000,1.502659,1
31.320000,1.473679,1
31.360000,1.477981,1
31.400000,1.510673,1
31.440000,1.489664,1
31.480000,1.476003,1
31.520000,1.505053,1
31.560000,1.545577,1
31.600000,1.578016,1
31.640000,1.584846,1
31.680000,1.626707,1
31.720000,1.645637,1
31.760000,1.592466,1
31.800000,1.580422,1
31.840000,1.551735,1
31.880000,1.604453,1
31.920000,1.618122,1
31.960000,1.552876,1
32.000000,1.528650,1
32.040000,1.666901,1
32.080000,1.655238,1
32.120000,1.544120,1
32.160000,1.474176,1
32.200000,1.478082,1
32.240000,1.439346,1
32.280000,1.403108,1
32.320000,1.422925,1
32.360000,1.500745,1
32.400000,1.428227,1
32.440000,1.426811,1
32.480000,1.518451,1
32.520000,1.561018,1
32.560000,1.631668,1
32.600000,1.675981,1
32.640000,1.686711,1
32.680000,1.539994,1
32.720000,1.571952,1
32.760000,1.549381,1
32.800000,1.577343,1
32.840000,1.585117,1
32.880000,1.554197,1
32.920000,1.514991,1
32.960000,1.606852,1
33.000000,1.631536,1
33.040000,1.493897,1
33.080000,1.482724,1
33.120000,1.513210,1
33.160000,1.444744,1
33.200000,1.442803,1
33.240000,1.506101,1
33.280000,1.532327,1
33.320000,1.478764,1
33.360000,1.527386,1
33.400000,1.562682,1
33.440000,1.580691,1
33.480000,1.578359,1
33.520000,1.617389,1
33.560000,1.669917,1
33.600000,1.671411,1
33.640000,1.567087,1
33.680000,1.585343,1
33.720000,1.547243,1
33.760000,1.581435,1
33.800000,1.576550,1
33.840000,1.563307,1
33.880000,1.536594,1
33.920000,1.607262,1
33.960000,1.670075,1
34.000000,1.556299,1
34.040000,1.493971,1
34.080000,1.482365,1
34.120000,1.474482,1
34.160000,1.449968,1
34.200000,1.479951,1
34.240000,1.540898,1
34.280000,1.511932,1
34.320000,1.467452,1
34.360000,1.376984,1
34.400000,1.379999,1
34.440000,1.417518,1
34.480000,1.466865,1
34.520000,1.467335,1
34.560000,1.449592,1
34.600000,1.404045,1
34.640000,1.386568,1
34.680000,1.337886,1
34.720000,1.286005,1
34.760000,1.282725,1
34.800000,1.281200,1
34.840000,1.222374,1
34.880000,1.200674,1
34.920000,1.140297,1
34.960000,1.114822,1
35.000000,1.084957,1
35.040000,1.112319,1
35.080000,1.095751,1
35.120000,1.027611,1
35.160000,0.937838,1
35.200000,0.875407,1
35.240000,0.873244,1
35.280000,0.856618,1
35.320000,0.756717,7
35.360000,0.636061,1
35.400000,0.589777,1
35.440000,0.558977,1
35.480000,0.480035,1
35.520000,0.419735,1
35.560000,0.378474,1
35.600000,0.409939,1
35.640000,0.423661,1
35.680000,0.372123,1
35.720000,0.317671,1
35.760000,0.309535,1
35.800000,0.296820,1
35.840000,0.259247,1
35.880000,0.197188,1
35.920000,0.193342,1
35.960000,0.162780,1
36.000000,0.112793,1
36.040000,0.072010,1
36.080000,0.041461,1
36.120000,0.015863,1
36.160000,0.085408,1
36.200000,0.066457,1
36.240000,-0.034514,1
36.280000,-0.123860,1
36.320000,-0.131506,1
36.360000,-0.117323,1
36.400000,-0.118773,1
36.440000,-0.132939,1
36.480000,-0.114742,1
36.520000,-0.125492,1
36.560000,-0.143240,1
36.600000,-0.088213,1
36.640000,0.001039,1
36.680000,0.098248,1
36.720000,0.132782,1
36.760000,0.115565,1
36.800000,0.038936,1
36.840000,0.005830,1
36.880000,0.062658,1
36.920000,0.039919,1
36.960000,0.072192,1
37.000000,0.083480,1
37.040000,0.072681,1
37.080000,0.028842,1
37.120000,0.118186,1
37.160000,0.175825,1
37.200000,0.111441,1
37.240000,0.026083,1
37.280000,0.025954,1
37.320000,0.062980,1
37.360000,0.023405,1
37.400000,0.031719,1
37.440000,0.108611,1
37.480000,0.069023,1
37.520000,0.026681,1
37.560000,0.048132,1
37.600000,0.062808,1
37.640000,0.102943,1
37.680000,0.152027,1
37.720000,0.191466,1
37.760000,0.193752,1
37.800000,0.119695,1
37.840000,0.136555,1
37.880000,0.096612,1
37.920000,0.117264,1
37.960000,0.145308,1
38.000000,0.115895,1
38.040000,0.053942,1
38.080000,0.031803,1
38.120000,0.150736,1
38.160000,0.039566,1
38.200000,0.021996,1
38.240000,0.052691,1
38.280000,-0.019351,1
38.320000,-0.058632,1
38.360000,-0.046366,1
38.400000,0.009373,1
38.440000,-0.019110,1
38.480000,-0.082187,1
38.520000,-0.073039,1
38.560000,-0.056708,1
38.600000,-0.009574,1
38.640000,0.093889,1
38.680000,0.192923,1
38.720000,0.193777,1
38.760000,0.050189,1
38.800000,0.026851,1
38.840000,0.051472,1
38.880000,0.070911,1
38.920000,0.093449,1
38.960000,0.069837,1
39.000000,0.016011,1
39.040000,0.057516,1
39.080000,0.145088,1
39.120000,0.064630,1
39.160000,-0.035513,1
39.200000,-0.042561,1
39.240000,-0.041008,1
39.280000,-0.080544,1
39.320000,-0.047885,1
39.360000,0.026894,1
39.400000,-0.006604,1
39.440000,-0.046883,1
39.480000,-0.019485,1
39.520000,-0.028673,1
39.560000,0.022176,1
39.600000,0.092683,1
39.640000,0.161180,1
39.680000,0.217215,1
39.720000,0.126187,1
39.760000,0.084344,1
39.800000,0.107369,1
39.840000,0.131530,1
39.880000,0.147644,1
39.920000,0.154731,1
39.960000,0.112857,1
40.000000,0.092111,1
40.040000,0.131816,1
40.080000,0.203688,1
40.120000,0.163727,1
40.160000,0.102174,1
40.200000,0.071833,1
40.240000,0.130784,1
40.280000,0.134631,1
40.320000,0.115149,1
40.360000,0.157710,1
40.400000,0.169410,1
40.440000,0.098008,1
40.480000,0.106503,1
40.520000,0.122201,1
40.560000,0.209229,1
40.600000,0.260010,1
40.640000,0.298703,1
40.680000,0.274334,1
40.720000,0.234031,1
40.760000,0.255681,1
40.800000,0.202665,1
40.840000,0.240545,1
40.880000,0.247829,1
40.920000,0.221421,1
40.960000,0.189024,1
41.000000,0.180283,1
41.040000,0.291355,1
41.080000,0.221094,1
41.120000,0.084675,1
41.160000,0.056933,1
41.200000,0.089915,1
41.240000,0.080665,1
41.280000,0.061779,1
41.320000,0.096933,1
41.360000,0.092889,1
41.400000,0.045795,1
41.440000,0.042231,1
41.480000,0.066648,1
41.520000,0.111455,1
41.560000,0.159340,1
41.600000,0.217414,1
41.640000,0.271979,1
41.680000,0.237875,1
41.720000,0.170476,1
41.760000,0.158671,1
41.800000,0.161937,1
41.840000,0.205964,1
41.880000,0.208388,1
41.920000,0.160755,1
41.960000,0.180728,1
42.000000,0.275739,1
42.040000,0.199701,1
42.080000,0.117099,1
42.120000,0.194411,1
42.160000,0.240544,1
42.200000,0.185504,1
42.240000,0.174621,1
42.280000,0.202938,1
42.320000,0.174049,1
42.360000,0.130324,1
42.400000,0.140495,1
42.440000,0.103316,1
42.480000,0.093411,1
42.520000,0.106846,1
42.560000,0.140485,1
42.600000,0.149708,1
42.640000,0.125409,1
42.680000,0.087212,1
42.720000,0.024312,1
42.760000,0.028691,1
42.800000,0.076576,1
42.840000,0.064271,1
42.880000,0.017359,1
42.920000,0.035551,1
42.960000,0.145092,1
43.000000,0.090968,1
43.040000,-0.032465,1
43.080000,0.022308,1
43.120000,0.059587,1
43.160000,-0.051269,1
43.200000,-0.016959,1
43.240000,0.072790,1
43.280000,0.051642,1
43.320000,-0.035148,1
43.360000,-0.044189,1
43.400000,-0.055891,1
43.440000,-0.084240,1
43.480000,-0.089598,1
43.520000,-0.017604,1
43.560000,0.066058,1
43.600000,0.058845,1
43.640000,-0.074418,1
43.680000,-0.090724,1
43.720000,-0.068557,1
43.760000,-0.069352,1
43.800000,-0.092486,1
43.840000,-0.155908,1
43.880000,-0.102033,1
43.920000,-0.084298,1
43.960000,-0.176439,1
44.000000,-0.298221,1
44.040000,-0.341686,1
44.080000,-0.260077,1
44.120000,-0.333562,1
44.160000,-0.403109,1
44.200000,-0.264140,1
44.240000,-0.263301,1
44.280000,-0.305967,1
44.320000,-0.323616,1
44.360000,-0.283131,1
44.400000,-0.250273,1
44.440000,-0.246859,1
44.480000,-0.236396,1
44.520000,-0.163891,1
44.560000,-0.107140,1
44.600000,-0.170283,1
44.640000,-0.190330,1
44.680000,-0.227584,1
44.720000,-0.177491,1
44.760000,-0.169350,1
44.800000,-0.215584,1
44.840000,-0.256773,1
44.880000,-0.164220,1
44.920000,-0.235414,1
44.960000,-0.256095,1
45.000000,-0.304160,1
45.040000,-0.245733,1
45.080000,-0.257497,1
45.120000,-0.303270,1
45.160000,-0.186530,1
45.200000,-0.156636,1
45.240000,-0.171286,1
45.280000,-0.192413,1
45.320000,-0.170635,1
45.360000,-0.139608,1
45.400000,-0.103012,1
45.440000,-0.063454,1
45.480000,-0.024077,1
45.520000,-0.040510,1
45.560000,-0.065381,1
45.600000,-0.068883,1
45.640000,-0.089070,1
45.680000,-0.026753,1
45.720000,-0.033430,1
45.760000,-0.100009,1
45.800000,-0.043279,1
45.840000,0.010600,1
45.880000,-0.038992,1
45.920000,-0.129918,1
45.960000,-0.154511,1
46.000000,-0.136026,1
46.040000,-0.169721,1
46.080000,-0.140276,1
46.120000,-0.075864,1
46.160000,-0.032713,1
46.200000,-0.052118,1
46.240000,-0.095903,1
46.280000,-0.083347,1
46.320000,-0.047708,1
46.360000,-0.014322,1
46.400000,0.093351,1
46.440000,0.120544,1
46.480000,0.089978,1
46.520000,0.041342,1
46.560000,0.043071,1
46.600000,0.037456,1
46.640000,0.065167,1
46.680000,0.065666,1
46.720000,0.067320,1
46.760000,0.121725,1
46.800000,0.160707,1
46.840000,0.079231,1
46.880000,-0.003695,1
46.920000,-0.003711,1
46.960000,0.037499,1
47.000000,-0.011034,1
47.040000,0.031742,1
47.080000,0.112704,1
47.120000,0.081542,1
47.160000,0.048696,1
47.200000,0.017241,1
47.240000,0.077713,1
47.280000,0.138334,1
47.320000,0.191143,1
47.360000,0.243019,1
47.400000,0.256307,1
47.440000,0.227709,1
47.480000,0.200153,1
47.520000,0.216743,1
47.560000,0.220236,1
47.600000,0.221164,1
47.640000,0.204325,1
47.680000,0.161446,1
47.720000,0.212268,1
47.760000,0.249867,1
47.800000,0.195476,1
47.840000,0.097766,1
47.880000,0.071956,1
47.920000,0.099908,1
47.960000,0.075922,1
48.000000,0.033493,1
48.040000,0.057460,1
48.080000,0.048776,1
48.120000,0.014387,1
48.160000,0.002504,1
48.200000,0.052459,1
48.240000,0.078759,1
48.280000,0.085427,1
48.320000,0.078328,1
48.360000,0.089258,1
48.400000,0.104305,1
48.440000,0.091124,1
48.480000,0.052603,1
48.520000,0.019058,1
48.560000,0.057382,1
48.600000,0.063181,1
48.640000,0.044578,1
48.680000,0.013682,1
48.720000,0.030467,1
48.760000,0.079683,1
48.800000,0.019209,1
48.840000,-0.045128,1
48.880000,-0.068980,1
48.920000,-0.045855,1
48.960000,-0.056733,1
49.000000,-0.031054,1
49.040000,0.038951,1
49.080000,0.034962,1
49.120000,0.029671,1
49.160000,0.056437,1
49.200000,0.032618,1
49.240000,0.015721,1
49.280000,0.031547,1
49.320000,0.122901,1
49.360000,0.198639,1
49.400000,0.189355,1
49.440000,0.095061,1
49.480000,0.055225,1
49.520000,0.070442,1
49.560000,0.086004,1
49.600000,0.090176,1
49.640000,0.061270,1
49.680000,0.043265,1
49.720000,0.122243,1
49.760000,0.100088,1
49.800000,0.008152,1
49.840000,-0.029959,1
49.880000,0.029335,1
49.920000,0.019966,1
49.960000,-0.009289,1
50.000000,0.003451,1
50.040000,0.031740,1
50.080000,0.011210,1
50.120000,-0.051991,1
50.160000,-0.013736,1
50.200000,0.048090,1
50.240000,0.052866,1
50.280000,0.015527,1
50.320000,-0.010577,1
50.360000,-0.009430,1
50.400000,0.010380,1
50.440000,0.011604,1
50.480000,-0.038199,1
50.520000,-0.061584,1
50.560000,-0.025675,1
50.600000,-0.018969,1
50.640000,-0.049590,1
50.680000,-0.087819,1
50.720000,-0.034705,1
50.760000,-0.014245,1
50.800000,-0.087554,1
50.840000,-0.117345,1
50.880000,-0.106719,1
50.920000,-0.166431,1
50.960000,-0.166431,1
51.000000,-0.134532,1
51.040000,-0.041103,1
51.080000,-0.031992,1
51.120000,-0.087406,1
51.160000,-0.071422,1
51.200000,-0.031285,1
51.240000,0.003010,1
51.280000,0.055776,1
51.320000,0.099269,1
51.360000,0.212033,1
51.400000,0.201242,1
51.440000,0.122341,1
51.480000,0.042217,1
51.520000,0.072162,1
51.560000,0.075762,1
51.600000,0.078683,1
51.640000,0.062442,1
51.680000,0.066786,1
51.720000,0.109093,1
51.760000,0.041379,1
51.800000,-0.015980,1
51.840000,-0.043122,1
51.880000,-0.075368,1
51.920000,-0.106832,1
51.960000,-0.083807,1
52.000000,0.007425,1
52.040000,-0.006035,1
52.080000,-0.067238,1
52.120000,-0.070428,1
52.160000,-0.007808,1
52.200000,0.046255,1
52.240000,0.255733,1
52.280000,0.348762,1
52.320000,0.318930,1
52.360000,0.041947,1
52.400000,-0.000737,1
52.440000,0.098273,1
52.480000,0.072226,1
52.520000,0.038372,1
52.560000,0.033692,1
52.600000,0.084340,1
52.640000,0.066897,1
52.680000,-0.016214,1
52.720000,-0.113596,1
52.760000,-0.111734,1
52.800000,-0.075441,1
52.840000,-0.079107,1
52.880000,-0.064586,1
52.920000,0.045562,1
52.960000,0.025676,1
53.000000,-0.015474,1
53.040000,0.021591,1
53.080000,0.085229,1
53.120000,0.107839,1
53.160000,0.084394,1
53.200000,0.073123,1
53.240000,0.088751,1
53.280000,0.114267,1
53.320000,0.107181,1
53.360000,0.049966,1
53.400000,0.069352,1
53.440000,0.103378,1
53.480000,0.087436,1
53.520000,0.034221,1
53.560000,0.111958,1
53.600000,0.135012,1
53.640000,0.076035,1
53.680000,-0.054275,1
53.720000,-0.080939,1
53.760000,-0.031743,1
53.800000,-0.042377,1
53.840000,-0.040359,1
53.880000,-0.007347,1
53.920000,0.075533,1
53.960000,0.037463,1
54.000000,0.013863,1
54.040000,0.027986,1
54.080000,0.052674,1
54.120000,0.092847,1
54.160000,0.126161,1
54.200000,0.178085,1
54.240000,0.198104,1
54.280000,0.164653,1
54.320000,0.149100,1
54.360000,0.126130,1
54.400000,0.157568,1
54.440000,0.182336,1
54.480000,0.181206,1
54.520000,0.145789,1
54.560000,0.201104,1
54.600000,0.223786,1
54.640000,0.149457,1
54.680000,0.137775,1
54.720000,0.154171,1
54.760000,0.117824,1
54.800000,0.091445,1
54.840000,0.125957,1
54.880000,0.186616,1
54.920000,0.184491,1
54.960000,0.173803,1
55.000000,0.149617,1
55.040000,0.165829,1
55.080000,0.201774,1
55.120000,0.238163,1
55.160000,0.304175,1
55.200000,0.371233,1
55.240000,0.322405,1
55.280000,0.299685,1
55.320000,0.278687,1
55.360000,0.341032,1
55.400000,0.366795,1
55.440000,0.319102,1
55.480000,0.262866,1
55.520000,0.277988,1
55.560000,0.292627,1
55.600000,0.211404,1
55.640000,0.165596,1
55.680000,0.189412,1
55.720000,0.172825,1
55.760000,0.138001,1
55.800000,0.137974,1
55.840000,0.158927,1
55.880000,0.152516,1
55.920000,0.123067,1
55.960000,0.097886,1
56.000000,0.110484,1
56.040000,0.160030,1
56.080000,0.197280,1
56.120000,0.195396,1
56.160000,0.177016,1
56.200000,0.202318,1
56.240000,0.217588,1
56.280000,0.203206,1
56.320000,0.201609,1
56.360000,0.250681,1
56.400000,0.233611,1
56.440000,0.217423,1
56.480000,0.137841,1
56.520000,0.202171,1
56.560000,0.220241,1
56.600000,0.055140,1
56.640000,-0.019702,1
56.680000,0.000117,1
56.720000,-0.011639,1
56.760000,-0.028283,1
56.800000,0.017603,1
56.840000,0.048057,1
56.880000,-0.001525,1
56.920000,-0.033291,1
56.960000,-0.013531,1
57.000000,0.041314,1
57.040000,0.055983,1
57.080000,0.065997,1
57.120000,0.086073,1
57.160000,0.068168,1
57.200000,0.057907,1
57.240000,0.031421,1
57.280000,0.005264,1
57.320000,0.002318,1
57.360000,0.024215,1
57.400000,0.023298,1
57.440000,-0.004887,1
57.480000,0.032823,1
57.520000,0.047115,1
57.560000,-0.059206,1
57.600000,-0.062453,1
57.640000,-0.034644,1
57.680000,-0.070131,1
57.720000,-0.076334,1
57.760000,-0.037428,1
57.800000,-0.033433,1
57.840000,-0.084852,1
57.880000,-0.057382,1
57.920000,0.016851,1
57.960000,0.044198,1
58.000000,0.053309,1
58.040000,0.093280,1
58.080000,0.120044,1
58.120000,0.106141,1
58.160000,0.073977,1
58.200000,0.048834,1
58.240000,0.032157,1
58.280000,0.046153,1
58.320000,0.044017,1
58.360000,0.033716,1
58.400000,0.022746,1
58.440000,0.055165,1
58.480000,0.044365,1
58.520000,-0.027740,1
58.560000,-0.065550,1
58.600000,-0.027923,1
58.640000,-0.031424,1
58.680000,-0.061482,1
58.720000,-0.068784,1
58.760000,-0.001656,1
58.800000,0.019367,1
58.840000,-0.032132,1
58.880000,-0.040857,1
58.920000,0.010773,1
58.960000,0.061732,1
59.000000,0.079328,1
59.040000,0.067621,1
59.080000,0.102847,1
59.120000,0.172313,1
59.160000,0.152079,1
59.200000,0.098000,1
59.240000,0.083107,1
59.280000,0.113718,1
59.320000,0.122277,1
59.360000,0.100491,1
59.400000,0.051351,1
59.440000,0.074207,1
59.480000,0.120895,1
59.520000,0.078628,1
59.560000,-0.003350,1
59.600000,-0.044775,1
59.640000,-0.001222,1
59.680000,-0.017742,1
59.720000,-0.061983,1
59.760000,-0.049387,1
59.800000,-0.061182,1
59.840000,-0.109259,1
59.880000,-0.075585,1
59.920000,-0.042180,1
59.960000,-0.012126,1
60.000000,0.019306,1
60.040000,0.048330,1
60.080000,0.112916,1
60.120000,0.099123,1
60.160000,0.017287,1
60.200000,0.016703,1
60.240000,-0.001720,1
60.280000,0.003100,1
60.320000,-0.005643,1
60.360000,-0.028661,1
60.400000,0.002997,1
60.440000,0.025229,1
60.480000,0.012257,1
60.520000,-0.033276,1
60.560000,-0.013568,1
60.600000,-0.054655,1
60.640000,-0.083021,1
60.680000,-0.067216,1
60.720000,-0.020773,1
60.760000,0.011561,1
60.800000,-0.012719,1
60.840000,-0.024392,1
60.880000,0.026751,1
60.920000,0.050174,1
60.960000,0.072732,1
61.000000,0.054221,1
61.040000,0.078434,1
61.080000,0.123597,1
61.120000,0.060323,1
61.160000,0.011035,1
61.200000,-0.025603,1
61.240000,0.000974,1
61.280000,0.013907,1
61.320000,-0.010043,1
61.360000,-0.060523,1
61.400000,-0.049750,1
61.440000,-0.009915,1
61.480000,-0.042882,1
61.520000,-0.097789,1
61.560000,-0.125764,1
61.600000,-0.129585,1
61.640000,-0.141865,1
61.680000,-0.159185,1
61.720000,-0.134874,1
61.760000,-0.066766,1
61.800000,-0.051609,1
61.840000,-0.079565,1
61.880000,-0.045324,1
61.920000,-0.001777,1
61.960000,-0.013210,1
62.000000,-0.040831,1
62.040000,-0.052065,1
62.080000,0.067724,1
62.120000,0.168290,1
62.160000,0.054926,1
62.200000,-0.003260,1
62.240000,0.055729,1
62.280000,0.105359,1
62.320000,0.090589,1
62.360000,0.002261,1
62.400000,-0.001450,1
62.440000,0.066354,1
62.480000,-0.029107,1
62.520000,-0.056393,1
62.560000,-0.054596,1
62.600000,-0.089949,1
62.640000,-0.109559,1
62.680000,-0.075872,1
62.720000,-0.004013,1
62.760000,-0.003229,1
62.800000,-0.060077,1
62.840000,-0.051519,1
62.880000,-0.002887,1
62.920000,0.005215,1
62.960000,-0.003162,1
63.000000,0.033743,1
63.040000,0.140114,1
63.080000,0.221696,1
63.120000,0.056384,1
63.160000,-0.007441,1
63.200000,0.048779,1
63.240000,0.065010,1
63.280000,0.037048,1
63.320000,0.019713,1
63.360000,0.048443,1
63.400000,-0.007618,1
63.440000,-0.113152,1
63.480000,-0.079327,1
63.520000,-0.058952,1
63.560000,-0.155303,1
63.600000,-0.121219,1
63.640000,-0.037529,1
63.680000,0.012298,1
63.720000,-0.085608,1
63.760000,-0.097583,1
63.800000,-0.057720,1
63.840000,-0.007728,1
63.880000,0.015344,1
63.920000,0.042438,1
63.960000,0.137117,1
64.000000,0.331656,1
64.040000,0.238786,1
64.080000,-0.104361,1
64.120000,0.035455,1
64.160000,0.143580,1
64.200000,0.115765,1
64.240000,0.092132,1
64.280000,0.107881,1
64.320000,0.010443,1
64.360000,-0.099722,1
64.400000,-0.010323,1
64.440000,-0.004074,1
64.480000,-0.061081,1
64.520000,0.029779,1
64.560000,0.137207,1
64.600000,0.137277,1
64.640000,0.023314,1
64.680000,0.018843,1
64.720000,0.060161,1
64.760000,0.089174,1
64.800000,0.101117,1
64.840000,0.128178,1
64.880000,0.198665,1
64.920000,0.224224,1
64.960000,0.143476,1
65.000000,0.158845,1
65.040000,0.197830,1
65.080000,0.198753,1
65.120000,0.120011,1
65.160000,0.103461,1
65.200000,0.162736,1
65.240000,0.022147,1
65.280000,-0.040018,1
65.320000,0.040204,1
65.360000,0.027154,1
65.400000,-0.038824,1
65.440000,0.001839,1
65.480000,0.055587,1
65.520000,-0.025298,1
65.560000,-0.044504,1
65.600000,-0.008072,1
65.640000,0.033901,1
65.680000,0.047770,1
65.720000,0.070673,1
65.760000,0.127326,1
65.800000,0.162296,1
65.840000,0.139217,1
65.880000,0.043406,1
65.920000,0.126373,1
65.960000,0.158861,1
66.000000,0.128215,1
66.040000,0.038434,1
66.080000,0.093147,1
66.120000,0.095004,1
66.160000,-0.023733,1
66.200000,-0.047395,1
66.240000,0.016783,1
66.280000,-0.015218,1
66.320000,-0.083985,1
66.360000,-0.016794,1
66.400000,0.058109,1
66.440000,-0.062407,1
66.480000,-0.072557,1
66.520000,-0.028875,1
66.560000,0.007940,1
66.600000,0.046692,1
66.640000,0.104025,1
66.680000,0.181209,1
66.720000,0.157807,1
66.760000,0.104003,1
66.800000,0.058060,1
66.840000,0.071425,1
66.880000,0.080243,1
66.920000,0.098151,1
66.960000,0.078096,1
67.000000,0.072806,1
67.040000,0.131054,1
67.080000,0.119941,1
67.120000,0.039239,1
67.160000,-0.028897,1
67.200000,0.015214,1
67.240000,0.001299,1
67.280000,-0.054583,1
67.320000,0.001343,1
67.360000,0.066713,1
67.400000,0.000252,1
67.440000,0.012946,1
67.480000,0.014297,1
67.520000,0.004250,1
67.560000,0.006589,1
67.600000,-0.319397,1
67.640000,-0.274973,1
67.680000,-0.122710,1
67.720000,0.084211,1
67.760000,0.235261,1
67.800000,0.227019,1
67.840000,0.238445,1
67.880000,0.246512,1
67.920000,0.227276,1
67.960000,0.255870,1
68.000000,0.295992,1
68.040000,0.282797,1
68.080000,0.215542,1
68.120000,0.161261,1
68.160000,0.193253,1
68.200000,0.170753,1
68.240000,0.144591,1
68.280000,0.159150,1
68.320000,0.214739,1
68.360000,0.189788,1
68.400000,0.137029,1
68.440000,0.119898,1
68.480000,0.116759,1
68.520000,0.137620,1
68.560000,0.140179,1
68.600000,0.127428,1
68.640000,0.108831,1
68.680000,0.129110,1
68.720000,0.207270,1
68.760000,0.202333,1
68.800000,0.132380,1
68.840000,0.091135,1
68.880000,0.102100,1
68.920000,0.074481,1
68.960000,0.048545,1
69.000000,0.032328,1
69.040000,0.021073,1
69.080000,0.032226,1
69.120000,0.030590,1
69.160000,0.017760,1
69.200000,0.080449,1
69.240000,0.081517,1
69.280000,0.067377,1
69.320000,0.049709,1
69.360000,0.025096,1
69.400000,0.014730,1
69.440000,-0.009740,1
69.480000,-0.036252,1
69.520000,-0.042589,1
69.560000,-0.010590,1
69.600000,0.012203,1
69.640000,0.018199,1
69.680000,0.026430,1
69.720000,0.056486,1
69.760000,0.098000,1
69.800000,0.145885,1
69.840000,0.173124,1
69.880000,0.186410,1
69.920000,0.226954,1
69.960000,0.279692,1
70.000000,0.235647,1
70.040000,0.217055,1
70.080000,0.218281,1
70.120000,0.260009,1
70.160000,0.233621,1
70.200000,0.240931,1
70.240000,0.253620,1
70.280000,0.296891,1
70.320000,0.335770,1
70.360000,0.314895,1
70.400000,0.286158,1
70.440000,0.230147,1
70.480000,0.254500,1
70.520000,0.245872,1
70.560000,0.221346,1
70.600000,0.254538,1
70.640000,0.306259,1
70.680000,0.282870,1
70.720000,0.230157,1
70.760000,0.202859,1
70.800000,0.231980,1
70.840000,0.206068,1
70.880000,0.138998,1
70.920000,0.139877,1
70.960000,0.211201,1
71.000000,0.278146,1
71.040000,0.278354,1
71.080000,0.190249,1
71.120000,0.088379,1
71.160000,0.123330,1
71.200000,0.154223,1
71.240000,0.102614,1
71.280000,0.091739,1
71.320000,0.065104,1
71.360000,0.054258,1
71.400000,0.132677,1
71.440000,0.051890,1
71.480000,0.025674,1
71.520000,0.007636,1
71.560000,-0.034318,1
71.600000,-0.070305,1
71.640000,-0.093446,1
71.680000,-0.060470,1
71.720000,-0.038403,1
71.760000,-0.114832,1
71.800000,-0.163545,1
71.840000,-0.125188,1
71.880000,-0.043830,1
71.920000,-0.019699,1
71.960000,-0.030981,1
72.000000,-0.015171,1
72.040000,0.097245,1
72.080000,0.184890,1
72.120000,0.177219,1
72.160000,0.063009,1
72.200000,0.088381,1
72.240000,0.071605,1
72.280000,0.068890,1
72.320000,0.064081,1
72.360000,0.020811,1
72.400000,0.032640,1
72.440000,-0.038758,1
72.480000,-0.113927,1
72.520000,-0.111088,1
72.560000,-0.156580,1
72.600000,-0.235899,1
72.640000,-0.199089,1
72.680000,-0.057056,1
72.720000,-0.114651,1
72.760000,-0.218488,1
72.800000,-0.216077,1
72.840000,-0.145651,1
72.880000,-0.056460,1
72.920000,0.033267,1
72.960000,0.053964,1
73.000000,-0.013571,1
73.040000,-0.034045,1
73.080000,0.014793,1
73.120000,-0.015781,1
73.160000,0.007175,1
73.200000,0.044163,1
73.240000,0.034119,1
73.280000,0.004431,1
73.320000,0.011341,1
73.360000,0.054824,1
73.400000,0.013059,1
73.440000,-0.047793,1
73.480000,-0.083689,1
73.520000,-0.016003,1
73.560000,-0.067155,1
73.600000,-0.100194,1
73.640000,-0.014027,1
73.680000,0.080599,1
73.720000,-0.006177,1
73.760000,-0.025239,1
73.800000,-0.004187,1
73.840000,0.015865,1
73.880000,0.048067,1
73.920000,0.069227,1
73.960000,0.094521,1
74.000000,0.110205,1
74.040000,0.113679,1
74.080000,0.112586,1
74.120000,0.056259,1
74.160000,0.117344,1
74.200000,0.140639,1
74.240000,0.117871,1
74.280000,0.097386,1
74.320000,0.152275,1
74.360000,0.156478,1
74.400000,0.068551,1
74.440000,-0.010672,1
74.480000,0.029252,1
74.520000,0.029706,1
74.560000,-0.019254,1
74.600000,0.014306,1
74.640000,0.099369,1
74.680000,0.045795,1
74.720000,-0.008049,1
74.760000,-0.009841,1
74.800000,0.016823,1
74.840000,0.050234,1
74.880000,0.058976,1
74.920000,0.150399,1
74.960000,0.131962,1
75.000000,0.059903,1
75.040000,0.066818,1
75.080000,0.052019,1
75.120000,0.057675,1
75.160000,0.083580,1
75.200000,0.045644,1
75.240000,0.040418,1
75.280000,0.100871,1
75.320000,0.034933,1
75.360000,-0.070605,1
75.400000,-0.024126,1
75.440000,-0.016270,1
75.480000,-0.090045,1
75.520000,-0.061710,1
75.560000,0.008395,1
75.600000,0.046089,1
75.640000,-0.004111,1
75.680000,0.002452,1
75.720000,0.025775,1
75.760000,0.059520,1
75.800000,0.123317,1
75.840000,0.240539,1
75.880000,0.284948,1
75.920000,0.231562,1
75.960000,0.169835,1
76.000000,0.206813,1
76.040000,0.204569,1
76.080000,0.220334,1
76.120000,0.195104,1
76.160000,0.144960,1
76.200000,0.223329,1
76.240000,0.236613,1
76.280000,0.167581,1
76.320000,0.078892,1
76.360000,0.088496,1
76.400000,0.087756,1
76.440000,0.040350,1
76.480000,0.034676,1
76.520000,0.085320,1
76.560000,0.102889,1
76.600000,0.040660,1
76.640000,0.054291,1
76.680000,0.120627,1
76.720000,0.166747,1
76.760000,0.169712,1
76.800000,0.212412,1
76.840000,0.234474,1
76.880000,0.184539,1
76.920000,0.180001,1
76.960000,0.170383,1
77.000000,0.174937,1
77.040000,0.176537,1
77.080000,0.158996,1
77.120000,0.118376,1
77.160000,0.217069,1
77.200000,0.191743,1
77.240000,0.088227,1
77.280000,0.029040,1
77.320000,0.091220,1
77.360000,0.063003,1
77.400000,0.054565,1
77.440000,0.086578,1
77.480000,0.187363,1
77.520000,0.135277,1
77.560000,0.112196,1
77.600000,0.164186,1
77.640000,0.168537,1
77.680000,0.162217,1
77.720000,0.156469,1
77.760000,0.230086,1
77.800000,0.271738,1
77.840000,0.261596,1
77.880000,0.263356,1
77.920000,0.253578,1
77.960000,0.287650,1
78.000000,0.283178,1
78.040000,0.212976,1
78.080000,0.165260,1
78.120000,0.309478,1
78.160000,0.169926,1
78.200000,0.086030,1
78.240000,0.165757,1
78.280000,0.143416,1
78.320000,0.021569,1
78.360000,0.066039,1
78.400000,0.151614,1
78.440000,0.064390,1
78.480000,0.036777,1
78.520000,0.089483,1
78.560000,0.133358,1
78.600000,0.133827,1
78.640000,0.096917,1
78.680000,0.184905,1
78.720000,0.280912,1
78.760000,0.296382,1
78.800000,0.195051,1
78.840000,0.174874,1
78.880000,0.197503,1
78.920000,0.204806,1
78.960000,0.186357,1
79.000000,0.123311,1
79.040000,0.158042,1
79.080000,0.064853,1
79.120000,-0.009535,1
79.160000,0.014930,1
79.200000,0.050145,1
79.240000,-0.038937,1
79.280000,-0.088778,1
79.320000,0.020767,1
79.360000,0.058945,1
79.400000,0.002861,1
79.440000,-0.009874,1
79.480000,0.010832,1
79.520000,0.000296,1
79.560000,0.014137,1
79.600000,0.088834,1
79.640000,0.201524,1
79.680000,0.232963,1
79.720000,0.212241,1
79.760000,0.148873,1
79.800000,0.180981,1
79.840000,0.176041,1
79.880000,0.172865,1
79.920000,0.138239,1
79.960000,0.172362,1
80.000000,0.155372,1
80.040000,0.066256,1
80.080000,0.019721,1
80.120000,0.074012,1
80.160000,0.013833,1
80.200000,-0.002011,1
80.240000,0.116285,1
80.280000,0.168260,1
80.320000,0.110943,1
80.360000,0.081410,1
80.400000,0.110502,1
80.440000,0.106231,1
80.480000,0.094974,1
80.520000,0.121351,1
80.560000,0.259797,1
80.600000,0.314500,1
80.640000,0.234735,1
80.680000,0.198063,1
80.720000,0.207128,1
80.760000,0.220237,1
80.800000,0.234199,1
80.840000,0.198370,1
80.880000,0.305276,1
80.920000,0.305276,1
80.960000,0.113382,1
81.000000,0.132158,1
81.040000,0.152121,1
81.080000,0.143248,1
81.120000,0.123278,1
81.160000,0.138325,1
81.200000,0.192092,1
81.240000,0.264361,1
81.280000,0.214008,1
81.320000,0.165087,1
81.360000,0.161253,1
81.400000,0.221271,1
81.440000,0.265321,1
81.480000,0.203189,1
81.520000,0.147210,1
81.560000,0.195167,1
81.600000,0.328047,1
81.640000,0.292485,1
81.680000,0.251800,1
81.720000,0.253599,1
81.760000,0.283877,1
81.800000,0.291428,1
81.840000,0.265372,1
81.880000,0.253832,1
81.920000,0.320459,1
81.960000,0.269824,1
82.000000,0.227561,1
82.040000,0.216632,1
82.080000,0.206025,1
82.120000,0.180663,1
82.160000,0.172652,1
82.200000,0.220296,1
82.240000,0.302262,1
82.280000,0.265188,1
82.320000,0.176720,1
82.360000,0.195079,1
82.400000,0.279117,1
82.440000,0.300544,1
82.480000,0.256172,1
82.520000,0.249515,1
82.560000,0.286530,1
82.600000,0.260449,1
82.640000,0.170066,1
82.680000,0.131172,1
82.720000,0.123470,1
82.760000,0.121985,1
82.800000,0.129250,1
82.840000,0.103203,1
82.880000,0.063615,1
82.920000,0.063923,1
82.960000,0.118542,1
83.000000,0.113294,1
83.040000,0.084075,1
83.080000,0.073083,1
83.120000,0.075150,1
83.160000,0.075028,1
83.200000,0.035199,1
83.240000,0.040064,1
83.280000,0.105339,1
83.320000,0.130407,1
83.360000,0.076671,1
83.400000,0.118452,1
83.440000,0.173683,1
83.480000,0.173721,1
83.520000,0.161005,1
83.560000,0.143597,1
83.600000,0.227299,1
83.640000,0.284478,1
83.680000,0.281272,1
83.720000,0.176035,1
83.760000,0.181580,1
83.800000,0.208806,1
83.840000,0.197893,1
83.880000,0.164812,1
83.920000,0.197310,1
83.960000,0.259457,1
84.000000,0.190694,1
84.040000,0.098576,1
84.080000,0.109699,1
84.120000,0.118061,1
84.160000,0.103864,1
84.200000,0.120398,1
84.240000,0.207146,1
84.280000,0.217730,1
84.320000,0.194286,1
84.360000,0.194557,1
84.400000,0.191564,1
84.440000,0.196735,1
84.480000,0.215145,1
84.520000,0.183251,1
84.560000,-0.155530,1
84.600000,-0.071251,1
84.640000,0.107350,1
84.680000,0.311219,1
84.720000,0.391309,1
84.760000,0.341172,1
84.800000,0.343659,1
84.840000,0.337366,1
84.880000,0.363674,1
84.920000,0.272390,1
84.960000,0.159026,1
85.000000,0.230247,1
85.040000,0.226929,1
85.080000,0.174906,1
85.120000,0.166293,1
85.160000,0.230978,1
85.200000,0.241993,1
85.240000,0.163420,1
85.280000,0.162078,1
85.320000,0.159901,1
85.360000,0.160410,1
85.400000,0.163018,1
85.440000,0.239580,1
85.480000,0.362050,1
85.520000,0.411225,1
85.560000,0.364857,1
85.600000,0.158389,1
85.640000,0.200255,1
85.680000,0.219656,1
85.720000,0.227009,1
85.760000,0.169494,1
85.800000,0.162901,1
85.840000,0.187935,1
85.880000,0.105120,1
85.920000,0.016877,1
85.960000,0.068428,1
86.000000,0.031438,1
86.040000,-0.029039,1
86.080000,0.090194,1
86.120000,0.166054,1
86.160000,0.087088,1
86.200000,0.032601,1
86.240000,0.030695,1
86.280000,0.025973,1
86.320000,0.033935,1
86.360000,0.043003,1
86.400000,0.106868,1
86.440000,0.195404,1
86.480000,0.218999,1
86.520000,0.165642,1
86.560000,0.144905,1
86.600000,0.188461,1
86.640000,0.201625,1
86.680000,0.185441,1
86.720000,0.186693,1
86.760000,0.223069,1
86.800000,0.072687,1
86.840000,0.055714,1
86.880000,0.071648,1
86.920000,0.120588,1
86.960000,0.078020,1
87.000000,0.074932,1
87.040000,0.160142,1
87.080000,0.217272,1
87.120000,0.149519,1
87.160000,0.150209,1
87.200000,0.161155,1
87.240000,0.181283,1
87.280000,0.194658,1
87.320000,0.206073,1
87.360000,0.250483,1
87.400000,0.325096,1
87.440000,0.377083,1
87.480000,0.354114,1
87.520000,0.357292,1
87.560000,0.407779,1
87.600000,0.387314,1
87.640000,0.322551,1
87.680000,0.333961,1
87.720000,0.321216,1
87.760000,0.256988,1
87.800000,0.260597,1
87.840000,0.276767,1
87.880000,0.263638,1
87.920000,0.237457,1
87.960000,0.254251,1
88.000000,0.303858,1
88.040000,0.286471,1
88.080000,0.237056,1
88.120000,0.227806,1
88.160000,0.257708,1
88.200000,0.314348,1
88.240000,0.350890,1
88.280000,0.352072,1
88.320000,0.367492,1
88.360000,0.416440,1
88.400000,0.433644,1
88.440000,0.429959,1
88.480000,0.387230,1
88.520000,0.428990,1
88.560000,0.429816,1
88.600000,0.407146,1
88.640000,0.380174,1
88.680000,0.333878,1
88.720000,0.435057,1
88.760000,0.417074,1
88.800000,0.292127,1
88.840000,0.310237,1
88.880000,0.323697,1
88.920000,0.312858,1
88.960000,0.314891,1
89.000000,0.350017,1
89.040000,0.474532,1
89.080000,0.478458,1
89.120000,0.475407,1
89.160000,0.500457,1
89.200000,0.589377,1
89.240000,0.667569,1
89.280000,0.726238,3
89.320000,0.788787,1
89.360000,0.852468,1
89.400000,0.858019,1
89.440000,0.861521,1
89.480000,0.881106,1
89.520000,0.921451,1
89.560000,0.948218,1
89.600000,0.960031,1
89.640000,0.967001,1
89.680000,0.990398,1
89.720000,0.988547,1
89.760000,1.003933,1
89.800000,1.111999,1
89.840000,1.104187,1
89.880000,1.084114,1
89.920000,1.084404,1
89.960000,1.103437,1
90.000000,1.089515,1
90.040000,1.078621,1
90.080000,1.097551,1
90.120000,1.148111,1
90.160000,1.165861,1
90.200000,1.158653,1
90.240000,1.129170,1
90.280000,1.139158,1
90.320000,1.163340,1
90.360000,1.198318,1
90.400000,1.247939,1
90.440000,1.274092,1
90.480000,1.259915,1
90.520000,1.244799,1
90.560000,1.198120,1
90.600000,1.204141,1
90.640000,1.226880,1
90.680000,1.189308,1
90.720000,1.157267,1
90.760000,1.119704,1
90.800000,1.120168,1
90.840000,1.137035,1
90.880000,1.060767,1
90.920000,0.953835,1
90.960000,0.978458,1
91.000000,0.970805,1
91.040000,0.909684,1
91.080000,0.852170,1
91.120000,0.865457,1
91.160000,0.839013,1
91.200000,0.786622,1
91.240000,0.767074,1
91.280000,0.784161,1
91.320000,0.783934,1
91.360000,0.788493,1
91.400000,0.817348,1
91.440000,0.855117,1
91.480000,0.838163,1
91.520000,0.827228,1
91.560000,0.793779,1
91.600000,0.798790,1
91.640000,0.827789,1
91.680000,0.835176,1
91.720000,0.835989,1
91.760000,0.831703,1
91.800000,0.825656,1
91.840000,0.867799,1
91.880000,0.871349,1
91.920000,0.824890,1
91.960000,0.802522,1
92.000000,0.809751,1
92.040000,0.782180,1
92.080000,0.749486,1
92.120000,0.784090,1
92.160000,0.816994,1
92.200000,0.801640,1
92.240000,0.844683,1
92.280000,0.917432,1
92.320000,0.925061,1
92.360000,0.909454,1
92.400000,0.959258,1
92.440000,1.028906,1
92.480000,1.064265,1
92.520000,1.062063,1
92.560000,1.037011,1
92.600000,1.014202,1
92.640000,1.024908,1
92.680000,1.011124,1
92.720000,1.004859,1
92.760000,1.039196,1
92.800000,1.076866,1
92.840000,1.058036,1
92.880000,0.994536,1
92.920000,0.964464,1
92.960000,1.001030,1
93.000000,1.007901,1
93.040000,1.018596,1
93.080000,1.093828,1
93.120000,1.151042,1
93.160000,1.145555,1
93.200000,1.123803,1
93.240000,1.148290,1
93.280000,1.171834,1
93.320000,1.177842,1
93.360000,1.192266,1
93.400000,1.267795,1
93.440000,1.377874,1
93.480000,1.412334,1
93.520000,1.367450,1
93.560000,1.255800,1
93.600000,1.298709,1
93.640000,1.313215,1
93.680000,1.272714,1
93.720000,1.252409,1
93.760000,1.284331,1
93.800000,1.270357,1
93.840000,1.189827,1
93.880000,1.115745,1
93.920000,1.152954,1
93.960000,1.161828,1
94.000000,1.136921,1
94.040000,1.160580,1
94.080000,1.240843,1
94.120000,1.230409,1
94.160000,1.165063,1
94.200000,1.151507,1
94.240000,1.192295,1
94.280000,1.234007,1
94.320000,1.287013,1
94.360000,1.337085,1
94.400000,1.378692,1
94.440000,1.343039,1
94.480000,1.328905,1
94.520000,1.320482,1
94.560000,1.303915,1
94.600000,1.352110,1
94.640000,1.330215,1
94.680000,1.307399,1
94.720000,1.337287,1
94.760000,1.373097,1
94.800000,1.323848,1
94.840000,1.278053,1
94.880000,1.306852,1
94.920000,1.306543,1
94.960000,1.299093,1
95.000000,1.303799,1
95.040000,1.395320,1
95.080000,1.439368,1
95.120000,1.405264,1
95.160000,1.383611,1
95.200000,1.402899,1
95.240000,1.407992,1
95.280000,1.417645,1
95.320000,1.396205,1
95.360000,1.419393,1
95.400000,1.545614,1
95.440000,1.551355,1
95.480000,1.513460,1
95.520000,1.475942,1
95.560000,1.493071,1
95.600000,1.517531,1
95.640000,1.472107,1
95.680000,1.467832,1
95.720000,1.528239,1
95.760000,1.550028,1
95.800000,1.524646,1
95.840000,1.436518,1
95.880000,1.437995,1
95.920000,1.475129,1
95.960000,1.470532,1
96.000000,1.487026,1
96.040000,1.553832,1
96.080000,1.646778,1
96.120000,1.631676,1
96.160000,1.603204,1
96.200000,1.609143,1
96.240000,1.656220,1
96.280000,1.721649,1
96.320000,1.772658,1
96.360000,1.774700,1
96.400000,1.768471,1
96.440000,1.838750,1
96.480000,1.888124,1
96.520000,1.860181,1
96.560000,1.840945,1
96.600000,1.867094,1
96.640000,1.866934,1
96.680000,1.850636,1
96.720000,1.870866,1
96.760000,1.901193,1
96.800000,1.894784,1
96.840000,1.908695,1
96.880000,1.958886,1
96.920000,1.993235,1
96.960000,2.006260,1
97.000000,2.004038,1
97.040000,1.995673,1
97.080000,1.983404,1
97.120000,1.967797,1
97.160000,1.976554,1
97.200000,2.024655,1
97.240000,2.019531,1
97.280000,2.012751,1
97.320000,1.939463,1
97.360000,1.866440,1
97.400000,1.904153,1
97.440000,1.869198,1
97.480000,1.824064,1
97.520000,1.851900,1
97.560000,1.913143,1
97.600000,1.944125,1
97.640000,1.960661,1
97.680000,1.958917,1
97.720000,1.952652,1
97.760000,1.947278,1
97.800000,1.943413,1
97.840000,1.942901,1
97.880000,1.944838,1
97.920000,1.941970,1
97.960000,1.933347,1
98.000000,1.924482,1
98.040000,1.920181,1
98.080000,1.925388,1
98.120000,1.932850,1
98.160000,1.935688,1
98.200000,1.935266,1
98.240000,1.938798,1
98.280000,1.944476,1
98.320000,1.949149,1
98.360000,1.922422,1
98.400000,1.924739,1
98.440000,1.924804,1
98.480000,1.931408,1
98.520000,1.960666,1
98.560000,1.984731,1
98.600000,2.042324,1
98.640000,2.106377,1
98.680000,2.072990,1
98.720000,1.978550,1
98.760000,1.983464,1
98.800000,1.980387,1
98.840000,1.979442,1
98.880000,1.990367,1
98.920000,2.003746,1
